Sort Order,Council Plan,Priority,Equality Indicator,Marmot (Health Inequalities) Indicator,Council Plan Indicator,Indicator Description,Unit,Directionality,2017/18 half year progress,2017/18 end of year target,2017/18 half year target status,2017/18 half year indicator value,2017/18 half year indicator scope,2017/18 half year indicator date,2016/17 end of year indicator value,2016/17 end of year indicator scope,2016/17 end of year indicator date,2016/17 half year indicator value,2016/17 half year indicator scope,2016/17 half year indicator date,2015/16 end of year indicator value,2015/16 end of year indicator scope,2015/16 end of year indicator date,2017/18 half year indicator comparator indicator value,2017/18 half year indicator comparator indicator scope,2017/18 half year indicator comparator indicator date,2016/17 end of year indicator comparator indicator value,2016/17 end of year indicator comparator indicator scope,2016/17 end of year indicator comparator indicator date,2016/17 half year indicator comparator indicator value,2016/17 half year indicator comparator indicator scope,2016/17 half year indicator comparator indicator date,2017/18 half year indicator national indicator value,2017/18 half year indicator national indicator scope,2017/18 half year indicator national indicator date,2016/17 end of year indicator national indicator value,2016/17 end of year indicator national indicator scope,2016/17 end of year indicator national indicator date,2016/17 half year indicator national indicator value,2016/17 half year indicator national indicator scope,2016/17 half year indicator national indicator date
1,Globally connected,Supporting businesses to grow,,,TRUE,Gross value added (£ per head),pounds,High is good,Not applicable,N/A,No target set,N/A,N/A,N/A,22165,Coventry,2015 provisional,N/A,N/A,N/A,22427,Coventry,2014 revised,N/A,N/A,N/A,20826,WMR,2015 provisional,N/A,N/A,N/A,N/A,N/A,N/A,26159,England,2015 provisional,N/A,N/A,N/A
2,Globally connected,Supporting businesses to grow,,,TRUE,Change in business rates tax base (index from 2002 base),number,High is good,Improved,N/A,No target set,132.74,Coventry,2015/16,132.3,Coventry,2014/15,N/A,N/A,N/A,132.74,Coventry,2013/14,131.54,CIPFA,2015/16,130.79,CIPFA,2014/15,N/A,N/A,N/A,144,England,2015/16,142.89,England,2014/15,N/A,N/A,N/A
3,Globally connected,Supporting businesses to grow,,,TRUE,Business rates collectable value ,millions of pounds,High is good,Got worse,310,Off-target,309.2,Coventry,Apr-Sep 2017/18,310,Coventry, 2016/17 revised,300,Coventry,Apr-Sep 2016/17,300.0m,Coventry,2015/16,N/A,N/A,N/A,N/A,N/A,N/A,N/A,N/A,N/A,N/A,N/A,N/A,N/A,N/A,N/A,N/A,N/A,N/A
4,Globally connected,Supporting businesses to grow,,,SUPPORTING,Business rates collection rate,%,High is good,Wrong direction,,,97.2,Coventry,Apr-Sep 2017/18,97.8,Coventry, 2016/17,96.9,Coventry,Apr-Sep 2016/17,97.8,Coventry,2015/16,N/A,N/A,N/A,97.3,Mets ,2016/17,N/A,N/A,N/A,N/A,N/A,N/A,N/A,N/A,N/A,N/A,N/A,N/A
5,Globally connected,Supporting businesses to grow,,,TRUE,"Active enterprises - rate per 10,000 population","rate per 10,000 population",High is good,Improved,N/A,No target set,355,Coventry,2017,342,Coventry,2016,N/A,N/A,N/A,326,Coventry,2015 revised,395,WMCA,2017,367,WMCA,2016,N/A,N/A,N/A,518,England,2017,499,England,2016,N/A,N/A,N/A
6,Globally connected,Supporting businesses to grow,,,SUPPORTING,Active enterprises - number,number,High is good,,,,10065,Coventry,2017,9505,Coventry,2016,N/A,N/A,N/A,8835,Coventry,2015 revised,N/A,N/A,N/A,N/A,N/A,N/A,N/A,N/A,N/A,N/A,N/A,N/A,N/A,N/A,N/A,N/A,N/A,N/A
7,Globally connected,Developing the city centre,,,TRUE,City centre footfall (year-on-year % change),%,High is good,Improved,N/A,No target set,1.2,Coventry,Apr-Sep 2017/18,0.7,Coventry, 2016/17 revised,N/A,N/A,N/A,3.2,Coventry,2015/16 revised,N/A,N/A,N/A,N/A,N/A,N/A,N/A,N/A,N/A,-2.9,UK Index ,Apr-Sep 2017/18,-2.6,UK Index ,2016/17,N/A,N/A,N/A
8,Globally connected,Raising the profile of Coventry,,,TRUE,Visitor trips,number,High is good,Not applicable,N/A,No target set,N/A,N/A,N/A,7973000,Coventry,2015,N/A,N/A,N/A,8217000,Coventry,2013,N/A,N/A,N/A,N/A,N/A,N/A,N/A,N/A,N/A,N/A,N/A,N/A,N/A,N/A,N/A,N/A,N/A,N/A
9,Globally connected,Helping local people into jobs,,,TRUE,Average resident employment rate,%,High is good,Improved,N/A,No target set,69.9,Coventry,Jul 2016-Jun 2017,68.9,Coventry,Jan-Dec 2016,66.3,Coventry,Jul 2015-Jun 2016,64.4,Coventry,Jan-Dec 2015,72.0,WMR,Jul 2016-Jun 2017,71.1,WMR,Jan-Dec 2016,70.6,WMR,Jul 2015-Jun 2016,74.6,England,Jul 2016-Jun 2017,75,England,Jan-Dec 2016,74,England,Jul 2015-Jun 2016
10,Globally connected,Helping local people into jobs,,,TRUE,Unemployment rate (model-based),%,Low is good,Improved,N/A,No target set,5,Coventry,Jul 2016-Jun 2017,5.4,Coventry,Jan-Dec 2016,6,Coventry,Jul 2015-Jun 2016,6.3,Coventry,Jan-Dec 2015,5.1,WMR,Jul 2016-Jun 2017,5.5,WMR,Jan-Dec 2016,5.9,WMR,Jul 2015-Jun 2016,4.6,England,Jul 2016-Jun 2017,4.7,England,Jan-Dec 2016,5.1,England,Jul 2015-Jun 2016
11,Globally connected,Helping local people into jobs,,TRUE,TRUE,"16-17 year olds not in education, employment or training (NEET) or whose where activity is not known: NEET and not known",%,Low is good,Improved,Better than or equal to national average,Off-target,6.8,Coventry,End 2016,N/A,N/A,N/A,N/A,N/A,N/A,8.2,Coventry,End 2015,7.3,WMCA,End 2016,N/A,N/A,N/A,N/A,N/A,N/A,6.0,England,End 2016,N/A,N/A,N/A,N/A,N/A,N/A
12,Globally connected,Helping local people into jobs,,,SUPPORTING,"16-17 year olds not in education, employment or training (NEET) or whose where activity is not known: NEET only",%,Low is good,,,,3.1,Coventry,End 2016,N/A,N/A,N/A,N/A,N/A,N/A,N/A,N/A,N/A,2.7,WMCA,End 2016,N/A,N/A,N/A,N/A,N/A,N/A,2.8,England,End 2016,N/A,N/A,N/A,N/A,N/A,N/A
13,Globally connected,Helping local people into jobs,,,SUPPORTING,"16-17 year olds not in education, employment or training (NEET) or whose where activity is not known: not known",%,Low is good,,,,3.7,Coventry,End 2016,N/A,N/A,N/A,N/A,N/A,N/A,N/A,N/A,N/A,4.6,WMCA,End 2016,N/A,N/A,N/A,N/A,N/A,N/A,3.2,England,End 2016,N/A,N/A,N/A,N/A,N/A,N/A
14,Globally connected,Helping local people into jobs,,,TRUE,Residents aged 16-64 qualified to NVQ level 4+,%,High is good,Not applicable,N/A,No target set,N/A,N/A,N/A,33.7,Coventry,Jan-Dec 2016,N/A,N/A,N/A,29.5,Coventry,"Jan-Dec
2015",N/A,N/A,N/A,31.5,WMR,Jan-Dec 2016,N/A,N/A,N/A,N/A,N/A,N/A,37.9,England,Jan-Dec 2016,N/A,N/A,N/A
15,Globally connected,Reducing the impact of poverty,,,TRUE,Median annual pay for residents (full-time),pounds,High is good,Improved,N/A,No target set,28432,Coventry,2017 Provisional,27969,Coventry,2016 revised,N/A,N/A,N/A,26913,Coventry,2015 revised,26857,WMR,2017 Provisional,26270,WMR,2016 revised,N/A,N/A,N/A,29085,England,2017 Provisional,28500,England,2016 revised,N/A,N/A,N/A
16,Globally connected,Reducing the impact of poverty,,,TRUE,Median annual pay for residents,pounds,High is good,Improved,N/A,No target set,23055,Coventry,2017 Provisional,22116,Coventry,2016 revised,N/A,N/A,N/A,21905,Coventry,2015 revised,22259,WMR,2017 Provisional,21789,WMCA,2016 revised,21794,WMCA,2016 provisional,23743,England,2017 Provisional,23337,England,2016 revised,N/A,N/A,N/A
17,Globally connected,Reducing the impact of poverty,,,TRUE,Gross disposable household income,pounds,High is good,Not applicable,N/A,No target set,N/A,N/A,N/A,14527,Coventry,2015 provisional,N/A,N/A,N/A,14371,Coventry,2014 revised,N/A,N/A,N/A,16559,WMR,2015 provisional,N/A,N/A,N/A,N/A,N/A,N/A,19447,England,2015 provisional,N/A,N/A,N/A
18,Globally connected,"Supply, choice and quality of housing",,,TRUE,Change in Council tax base (index from 2009 base),number,High is good,Not applicable,N/A,No target set,N/A,N/A,N/A,106.67,Coventry,2016/17,105.45,Coventry,2015/16 revised,105.45,Coventry,2015/16 revised,N/A,N/A,N/A,106.63,CIPFA,2016/17,105.71,CIPFA,2015/16 revised,N/A,N/A,N/A,107.75,England,2016/17,106.65,England,2015/16 revised
19,Globally connected,"Supply, choice and quality of housing",,,TRUE,Council tax collectable value ,millions of pounds,High is good,Improved,N/A,No target set,140.71,Coventry,Sep-17,130.48,Coventry,31-Mar-17,132.14,Coventry,Sep-16,120.21,Coventry,31-Mar-16,N/A,N/A,N/A,N/A,N/A,N/A,N/A,N/A,N/A,N/A,N/A,N/A,N/A,N/A,N/A,N/A,N/A,N/A
20,Globally connected,"Supply, choice and quality of housing",,,SUPPORTING,Council tax collectable - number of properties,number,High is good,Right direction,,,140944,Coventry,Sep-17,140507,Coventry,31-Mar-17,140171,Coventry,Sep-16,139179,Coventry,31-Mar-16,N/A,N/A,N/A,N/A,N/A,N/A,N/A,N/A,N/A,N/A,N/A,N/A,N/A,N/A,N/A,N/A,N/A,N/A
21,Globally connected,"Supply, choice and quality of housing",,,TRUE,Properties in higher Council Tax bands (C to H) - percentage,%,High is good,Improved,N/A,No target set,29.51,Coventry,Sep-17,29.44,Coventry,31-Mar-17,29.36,Coventry,Sep-16,29.2,Coventry,31-Mar-16,N/A,N/A,N/A,35.23,WMM,31-Mar-15,35.23,WMM,31-Mar-15,N/A,N/A,N/A,55.74,England,31-Mar-15,55.74,England,31-Mar-15
22,Globally connected,"Supply, choice and quality of housing",,,SUPPORTING,Properties in higher Council Tax bands (C to H) - number,number,High is good,,,,41589,Coventry,Sep-17,41370,Coventry,Mar-17,41158,Coventry,Sep-16,40639,Coventry,31-Mar-16,N/A,N/A,N/A,N/A,N/A,N/A,N/A,N/A,N/A,N/A,N/A,N/A,N/A,N/A,N/A,N/A,N/A,N/A
23,Globally connected,"Supply, choice and quality of housing",,,TRUE,Council Tax collection rate,%,High is good,Improved,N/A,No target set,96.0,Coventry,Apr-Sep 2017/18,95.8,Coventry,2016/17,95.9,Coventry,Apr-Sep 2016/17,95.8,Coventry,2015/16,N/A,N/A,N/A,95.4,Mets ,2016/17,N/A,N/A,N/A,N/A,N/A,N/A,N/A,N/A,N/A,N/A,N/A,N/A
24,Locally committed,"Create an attractive, cleaner & greener city",,,TRUE,Roads and footways in a good/acceptable condition...principal roads (A roads),%,High is good,Not applicable,95,Not applicable,N/A,N/A,N/A,99,Coventry,2016/17,N/A,N/A,N/A,99,Coventry,2015/16,N/A,N/A,N/A,N/A,N/A,N/A,N/A,N/A,N/A,N/A,N/A,N/A,N/A,N/A,N/A,N/A,N/A,N/A
25,Locally committed,"Create an attractive, cleaner & greener city",,,TRUE,Roads and footways in a good/acceptable condition...non-principal roads (B & C roads),%,High is good,Not applicable,95,Not applicable,N/A,N/A,N/A,98,Coventry,2016/17,N/A,N/A,N/A,98,Coventry,2015/16,N/A,N/A,N/A,N/A,N/A,N/A,N/A,N/A,N/A,N/A,N/A,N/A,N/A,N/A,N/A,N/A,N/A,N/A
26,Locally committed,"Create an attractive, cleaner & greener city",,,TRUE,Roads and footways in a good/acceptable condition...unclassified roads,%,High is good,Not applicable,80,Not applicable,N/A,N/A,N/A,80,Coventry,2016/17,N/A,N/A,N/A,80,Coventry,2015/16,N/A,N/A,N/A,N/A,N/A,N/A,N/A,N/A,N/A,N/A,N/A,N/A,N/A,N/A,N/A,N/A,N/A,N/A
27,Locally committed,"Create an attractive, cleaner & greener city",,,TRUE,Roads and footways in a good/acceptable condition...footways,%,High is good,Not applicable,38,Not applicable,N/A,N/A,N/A,36,Coventry,N/A,N/A,N/A,N/A,36,Coventry,2015/16,N/A,N/A,N/A,N/A,N/A,N/A,N/A,N/A,N/A,N/A,N/A,N/A,N/A,N/A,N/A,N/A,N/A,N/A
28,Locally committed,"Create an attractive, cleaner & greener city",,,TRUE,Fly tips reported in the city,number,Low is good,Got worse,3500,Off-target,2030,Coventry,Apr-Sep 2017/18,3342,Coventry, 2016/17,1505,Coventry,Apr-Sep 2016/17,2316,Coventry,2015/16,N/A,N/A,N/A,N/A,N/A,N/A,N/A,N/A,N/A,N/A,N/A,N/A,N/A,N/A,N/A,N/A,N/A,N/A
29,Locally committed,"Create an attractive, cleaner & greener city",,,TRUE,Household waste recycled and composted,%,High is good,Improved,50 by 2020,Off-target,35.5,Coventry,Apr-Sep 2017/18,29.9,Coventry, 2016/17,34.2,Coventry,Jul-Sep 2016/17,30.3,Coventry,2015/16,N/A,N/A,N/A,44,WMR,2015/16,N/A,N/A,N/A,N/A,N/A,N/A,43,England,2015/16,N/A,N/A,N/A
30,Locally committed,Make communities safer,,,TRUE,"Crime rate per 1,000 population","Rate 1,000 population",Low is good,Got worse,N/A,No target set,28.61,Coventry,Apr-Sep 2017/18,66.3,Coventry, 2016/17,64.5,Coventry,Apr-Sep 2016/17annualised,61.5,Coventry,2015/16 refreshed,34.56,Wolverhampton,Apr-Sep 2017/18,74.1,Wolverhampton,2016/17,N/A,N/A,N/A,N/A,N/A,N/A,N/A,N/A,N/A,N/A,N/A,N/A
31,Locally committed,Make communities safer,,,SUPPORTING,Number of crimes,number,Low is good,,,,12164,Coventry,Apr-Sep 2017/18,23019,Coventry,2016/17 revised,11153,Coventry,Apr-Sep 2016/17,21229,Coventry,2015/16 refreshed,N/A,N/A,N/A,N/A,N/A,N/A,N/A,N/A,N/A,N/A,N/A,N/A,N/A,N/A,N/A,N/A,N/A,N/A
32,Locally committed,Make communities safer,,,TRUE,First time entrants to youth justice system,"Rate per 100,0000 population 10-17",Low is good,Improved,N/A,No target set,334,Coventry,Oct 2016-Sep 2017,432,Coventry,2016/17,415,Coventry,"Oct 15-Sep 16
Local Data",399,Coventry,2015/16,428,Family Group Average,2016/17,422,Family Group Average,2015/16,N/A,N/A,N/A,318,England,2016/17,N/A,N/A,N/A,N/A,N/A,N/A
33,Locally committed,Make communities safer,TRUE,,TRUE,Domestic violence (crime and non crime) offences known to the police,number,N/A,Can't say,N/A,Target not applicable,2990,Coventry,Apr-Sep 2017/18,5771,Coventry,2016/17,3178,Coventry,Apr-Sep 2016/17,5972,Coventry,2015/16,N/A,N/A,N/A,N/A,N/A,N/A,N/A,N/A,N/A,N/A,N/A,N/A,N/A,N/A,N/A,N/A,N/A,N/A
34,Locally committed,Make communities safer,,,TRUE,Repeat victims of domestic violence reported,%,Low is good,Got worse,N/A,No target set,11.4,Coventry,Oct 2016 - Sep 2017,11.1,Coventry,2016/17 Revised,4.1,Coventry,Apr-Sep 2016/17,9.5,Coventry,2015/16,N/A,N/A,N/A,N/A,N/A,N/A,N/A,N/A,N/A,N/A,N/A,N/A,N/A,N/A,N/A,N/A,N/A,N/A
35,Locally committed,Improving educational outcomes,,,TRUE,Percentage of pupils attending primary schools judged as good/outstanding by Ofsted,%,High is good,Improved,Better than or equal to national average,On-target,95.8,Coventry,Oct-17,92.0,Coventry,Aug-16,N/A,N/A,N/A,84.8,Coventry,2015,87,Statistical Neighbours,Oct-17,N/A,N/A,N/A,N/A,N/A,N/A,90,England,Oct-17,N/A,N/A,N/A,N/A,N/A,N/A
36,Locally committed,Improving educational outcomes,,,TRUE,Percentage of pupils attending secondary schools judged as good/outstanding by Ofsted,%,High is good,Improved,Better than or equal to national average,Off-target,75,Coventry,Oct-17,67.9,Coventry,2016,N/A,N/A,N/A,56.6,Coventry,2015,77,Statistical Neighbours,Oct-17,N/A,N/A,N/A,N/A,N/A,N/A,83,England,Oct-17,N/A,N/A,N/A,N/A,N/A,N/A
37,Locally committed,Improving educational outcomes,,TRUE,TRUE,"Key stage 2: expected standard in reading, writing & maths",%,High is good,Improved,Better than or equal to statistical neighbours,On-target,58,Coventry,2017 Provisional,49,Coventry,"2016
",49,Coventry,"2016
provisional",New Indicator,N/A,N/A,57,Statistical Neighbours,2017 provisional,50,Statistical Neighbours,"2016
",48,Statistical Neighbours,"2016
provisional",61,England,2017 Provisional,53,England,"2016
",53,England,"2016
provisional"
38,Locally committed,Improving educational outcomes,,TRUE,TRUE,Key stage 4: attainment 8,Average score,High is good,Got worse,Better than or equal to statistical neighbours,Off-target,42.5,Coventry,2017 Provisional,48.1,Coventry,"2016
",47.9,Coventry,"2016
provisional",46.2,Coventry,2015 revised,43.6,Statistical Neighbours,2017 provisional,47.9,Statistical Neighbours,"2016
",47.7,Statistical Neighbours,"2016
provisional",44.2,England,2017 Provisional,49.9,England,"2016
",49.8,England,"2016
provisional"
39,Locally committed,Improving educational outcomes,,TRUE,TRUE,Key stage 4: progress 8,Relative measure difference ,High is good,Got worse,Better than or equal to statistical neighbours,Off-target,-0.12,Coventry,2017 Provisional,-0.05,Coventry,"2016
",-0.04,Coventry,"2016
provisional",0.03,Coventry,2015,-0.1,Statistical Neighbours,2017 provisional,-0.11,Statistical Neighbours,"2016
",-0.11,Statistical Neighbours,"2016
provisional",-0.03,England,2017 Provisional,-0.03,England,"2016
",-0.03,England,"2016
provisional"
40,Locally committed,Improving educational outcomes,,,TRUE,Key stage 4: standard pass (grades 9-4) in English and maths,%,High is good,Got worse,Better than or equal to statistical neighbours,Off-target,57.8,Coventry,2017 Provisional,61,Coventry,"2016
",61,Coventry,"2016
provisional",New Indicator,N/A,N/A,57.8,Statistical Neighbours,2017 provisional,59,Statistical Neighbours,"2016
",N/A,N/A,N/A,63,England,2017 Provisional,63,England,"2016
",62,England,"2016
provisional"
41,Locally committed,Improving educational outcomes,,,TRUE,Key stage 5: level 3 average point score A level entry,Average score,High is good,Improved,Better than or equal to statistical neighbours,On-target,28.7,Coventry,2017 Provisional,28.29,Coventry,"2016
",N/A,N/A,N/A,New Indicator,N/A,N/A,28.7,Statistical Neighbours,2017 provisional,27.94,Statistical Neighbours,2016,N/A,N/A,N/A,32.1,England,2017 Provisional,30.45,England,"2016
",N/A,N/A,N/A
42,Locally committed,Improving educational outcomes,,,SUPPORTING,Key stage 5: level 3 average point score A level entry: grade equivalent,Grade,N/A,,,,Grade C,Coventry,2017 Provisional,Grade C-,Coventry,"2016
",N/A,N/A,N/A,New Indicator,N/A,N/A,Grade C-,Statistical Neighbours,2017 provisional,Grade C-,Statistical Neighbours,2016,N/A,N/A,N/A,Grade C,England,2017 Provisional,Grade C,England,"2016
",N/A,N/A,N/A
43,Locally committed,Improving educational outcomes,,,TRUE,Key stage 5: level 3 average point score per tech level entry,Average score,High is good,Improved,Better than or equal to statistical neighbours,Off-target,29.5,Coventry,2017 Provisional,28.63,Coventry,"2016
",N/A,N/A,N/A,New Indicator,N/A,N/A,N/A,N/A,N/A,30.82,Statistical Neighbours,2016,N/A,N/A,N/A,N/A,N/A,N/A,30.77,England,"2016
",N/A,N/A,N/A
44,Locally committed,Improving educational outcomes,,,SUPPORTING,Key stage 5: level 3 average point score per tech level entry: grade equivalent,Grade,N/A,,,,Merit+,Coventry,2017 Provisional,Merit +,Coventry,"2016
",N/A,N/A,N/A,New Indicator,N/A,N/A,N/A,N/A,N/A,Distinction -,Statistical Neighbours,2016,N/A,N/A,N/A,N/A,N/A,N/A,Distinction -,England,"2016
",N/A,N/A,N/A
45,Locally committed,Improving educational outcomes,,,TRUE,Key stage 5: level 3 average point score per general applied entry,Average score,High is good,Got worse,Better than or equal to statistical neighbours,Off-target,34.41,Coventry,2017 Provisional,35.08,Coventry,"2016
",N/A,N/A,N/A,New Indicator,N/A,N/A,36.22,Statistical Neighbours,2017 provisional,34.41,Statistical Neighbours,2016,N/A,N/A,N/A,35.64,England,2017 Provisional,34.67,England,"2016
",N/A,N/A,N/A
46,Locally committed,Improving educational outcomes,,,SUPPORTING,Key stage 5: level 3 average point score per general applied entry: grade equivalent,Grade,High is good,,,,Distinction,Coventry,2017 Provisional,Distinction,N/A,"2016
",N/A,N/A,N/A,New Indicator,N/A,N/A,Distinction,Statistical Neighbours,2017 provisional,Distinction ,Statistical Neighbours,2016,N/A,N/A,N/A,Distinction,England,2017 Provisional,Distinction ,England,"2016
",N/A,N/A,N/A
47,Locally committed,Improve health and wellbeing,,,TRUE,Prevalence of overweight and obese children in reception (aged 4 to 5 years),%,Low is good,Stayed the same,N/A,No target set,22.9,Coventry,2016/17,22.4,Coventry,2015/16,22.4,Coventry,2014/15,N/A,N/A,N/A,24.2,WMR,2016/17,23.3,WMR,2015/16,23.1,WMR,2014/15,22.6,England,2016/17,22.1,England,2015/16,23.1,England,2014/15
48,Locally committed,Improve health and wellbeing,,,TRUE,HIV late diagnosis,%,N/A,Got worse,N/A,No target set,52.8,Coventry,2014-16,N/A,N/A,N/A,N/A,N/A,N/A,51.6,Coventry,2013-15,44.1,WMR,2014-16,N/A,N/A,N/A,N/A,N/A,N/A,40.1,England,2014-16,N/A,N/A,N/A,N/A,N/A,N/A
49,Locally committed,Improve health and wellbeing,,,TRUE,Smoking status at time of delivery,%,Low is good,Improved,N/A,No target set,11.0,Coventry,Jan-March 2016/17,N/A,N/A,N/A,N/A,N/A,N/A,12.2,Coventry,2015/16,13.1,WMR,2015/16,N/A,N/A,N/A,N/A,N/A,N/A,10.6,England,2015/16,N/A,N/A,N/A,N/A,N/A,N/A
50,Locally committed,Improve health and wellbeing,,,TRUE,Percentage of recorded cases of diabetes registered with GP practice,%,N/A,Can't say,N/A,Target not applicable,6.7,Coventry,2015/16,N/A,N/A,N/A,N/A,N/A,N/A,6.5,Coventry,2014/15,7.5,WMR,2015/16,N/A,N/A,N/A,N/A,N/A,N/A,6.5,England,2015/16,N/A,N/A,N/A,N/A,N/A,N/A
51,Locally committed,Improve health and wellbeing,,,SUPPORTING,Percentage of recorded cases of diabetes registered with GP practice (count),number,N/A,,,,20772,Coventry,2015/16,N/A,N/A,N/A,N/A,N/A,N/A,19351,Coventry,2014/15,N/A,N/A,N/A,N/A,N/A,N/A,N/A,N/A,N/A,N/A,N/A,N/A,N/A,N/A,N/A,N/A,N/A,N/A
52,Locally committed,Improve health and wellbeing,,,TRUE,Adults achieving 150 minutes of physical activity per week,%,High is good,Not applicable,N/A,No target set,61,Coventry,2015/16,N/A,N/A,N/A,N/A,N/A,N/A,Revised Indicator,N/A,N/A,62.5,WMR,2015/16,N/A,N/A,N/A,N/A,N/A,N/A,64.9,England,2015/16,N/A,N/A,N/A,N/A,N/A,N/A
53,Locally committed,Improve health and wellbeing,,,TRUE,"Hospital admissions caused by injuries in children 0-14 - rate per 10,000","Rate per 10,000",Low is good,Not applicable,N/A,No target set,N/A,N/A,N/A,173.2,Coventry,2015/16,N/A,N/A,N/A,149.9,Coventry,2014/15,N/A,N/A,N/A,110.4,WMR,2015/16,N/A,N/A,N/A,N/A,N/A,N/A,104.2,England,2015/16,N/A,N/A,N/A
54,Locally committed,Improve health and wellbeing,,,SUPPORTING,Hospital admissions caused by injuries in children 0-14 - number of children,number,Low is good,,,,N/A,N/A,N/A,1112,Coventry,2015/16,N/A,N/A,N/A,944,Coventry,2014/15,N/A,N/A,N/A,N/A,N/A,N/A,N/A,N/A,N/A,N/A,N/A,N/A,N/A,N/A,N/A,N/A,N/A,N/A
55,Locally committed,Improve health and wellbeing,TRUE,,TRUE,"Conceptions to girls aged under 18 (rate per 1,000 girls aged 15-17)","Rate per 1,000 girls aged 15-17",Low is good,Improved,N/A,No target set,28.3,Coventry,Jul 2015-Jun 2016,29.9,Coventry,2015,N/A,N/A,N/A,33.8,Coventry,2014,N/A,N/A,N/A,23.7,WMR,2015,N/A,N/A,N/A,N/A,N/A,N/A,20.8,England,2015,N/A,N/A,N/A
56,Locally committed,Protecting our most vulnerable people,,TRUE,TRUE,Good level of development at age 5,%,High is good,Improved,Better than or equal to statistical neighbours,Off-target,66.1,Coventry,2017 Provisional,65.4,Coventry,2016,N/A,N/A,N/A,63.9,Coventry,2015,67.7,SN,2017 Provisional,66.4,SN,2016,N/A,N/A,N/A,70.7,England,2017 Provisional,69.3,England,2016,N/A,N/A,N/A
57,Locally committed,Protecting our most vulnerable people,,TRUE,TRUE,Gap (in the good level of development at age 5) between the lowest achieving 20% and the rest,%,Low is good,Got worse,Better than or equal to statistical neighbours,Off-target,37.3,Coventry,2017 Provisional,35.1,Coventry,2016,N/A,N/A,N/A,36,Coventry,2015,35.2,SN,2017 Provisional,35.6,SN,2016,N/A,N/A,N/A,N/A,N/A,N/A,31.4,England,2016,N/A,N/A,N/A
58,Locally committed,Protecting our most vulnerable people,,,TRUE,"Looked after children - rate per 10,000 ","Rate per 10,000 population under 18",N/A,Can't say,N/A,Target not applicable,86.8,Coventry,Sep-17,81.1,Coventry,Mar-17,78,Coventry,Sep-16,78.3,Coventry,Mar-16,N/A,N/A,N/A,73.2,WMR,2015/16,N/A,N/A,N/A,N/A,N/A,N/A,60.3,England,2015/16,N/A,N/A,N/A
59,Locally committed,Protecting our most vulnerable people,,,SUPPORTING,Looked after children - number,number,,,,,663,Coventry,Sep-17,620,Coventry,Mar-17,578,Coventry,Sep-16,580,Coventry,Mar-16,N/A,N/A,N/A,N/A,N/A,N/A,N/A,N/A,N/A,N/A,N/A,N/A,N/A,N/A,N/A,N/A,N/A,N/A
60,Locally committed,Protecting our most vulnerable people,,,TRUE,Repeat referrals to children's social care,%,Low is good,Improved,<15,Off-target,18.1,Coventry,Apr-Sep 2017/18,24,Coventry,Mar-17,27.4,Coventry,Apr-Sep 2016/17,28.7,Coventry,2015/16,22,SN,2016/17,N/A,N/A,N/A,N/A,N/A,N/A,21.9,England,2016/17,22.3,England,2015/16,N/A,N/A,N/A
61,Locally committed,Protecting our most vulnerable people,,,TRUE,% of children with three or more placements in the previous 12 months,%,Low is good,Improved,<10,On-target,8,Coventry,Apr-Sep 2017/18,12.1,Coventry,2016/17 ,11.9,Coventry,Apr-Sep 2016/17,14.1,Coventry,2015/16,N/A,N/A,N/A,N/A,N/A,N/A,N/A,N/A,N/A,N/A,N/A,N/A,10,England,2015/16,N/A,N/A,N/A
62,Locally committed,Protecting our most vulnerable people,,,TRUE,Common assessment framework assessments closed with all actions complete,%,High is good,Got worse,>70,Off-target,69.4,Coventry,Apr-Sep 2017/18,75.4,Coventry,2016/17 ,68.7,Coventry,Apr-Sep 2016/17,68.8,Coventry,2015/16,N/A,N/A,N/A,N/A,N/A,N/A,N/A,N/A,N/A,N/A,N/A,N/A,N/A,N/A,N/A,N/A,N/A,N/A
63,Locally committed,Protecting our most vulnerable people,TRUE,,TRUE,Households accepted as statutory homeless (in priority need),number,N/A,Can't say,N/A,Target not applicable,268,Coventry,Apr-Sep 2017/18,638,Coventry,2016/17 revised,311,Coventry,Apr-Sep 2016/17,560,Coventry,2015/16 revised,N/A,N/A,N/A,N/A,N/A,N/A,N/A,N/A,N/A,N/A,N/A,N/A,N/A,N/A,N/A,N/A,N/A,N/A
64,Locally committed,Protecting our most vulnerable people,TRUE,,TRUE,Homelessness cases prevented and relieved,number,N/A,Can't say,N/A,Target not applicable,281,Coventry,Apr-Sep 2017/18,922,Coventry,2016/17 revised,500,Coventry,Apr-Sep 2016/17,1411,Coventry,2015/16 revised,N/A,N/A,N/A,N/A,N/A,N/A,N/A,N/A,N/A,N/A,N/A,N/A,N/A,N/A,N/A,N/A,N/A,N/A
65,Locally committed,Protecting our most vulnerable people,,,TRUE,Adults using social care who receive self-directed support,%,High is good,Stayed the same,90,Off-target,88,Coventry,Sep-17,88,Coventry,Mar-17,88,Coventry,Sep-16,80,Coventry,Mar-16,91,CIPFA,2016/17,91.4,CIPFA,2015/16,N/A,N/A,N/A,89,England,2016/17,88.2,England,Mar-16,N/A,N/A,N/A
66,Locally committed,Protecting our most vulnerable people,,,TRUE,Adults using social care who receive direct payments,%,High is good,Got worse,>24,Off-target,21,Coventry,Sep-17,24,Coventry,Mar-17,24,Coventry,Sep-16,21,Coventry,Mar-16,29,CIPFA,2016/17,29,CIPFA,2015/16,29,N/A,N/A,28,England,2016/17,28,England,2015/16,N/A,N/A,N/A
67,Locally committed,Protecting our most vulnerable people,,,TRUE,"Adult safeguarding - S42 enquiries - rate per 100,000 population","Rate per 100,000 population",N/A,Can't say,N/A,Target not applicable,102,Coventry,Apr-Sep 2017/18,390,Coventry,2016/17 revised,332,Coventry,Apr-Sep 2016/17,357,Coventry,2015/16,184,WMR,2016/17,290,WMR,2015/16,N/A,N/A,N/A,250,England,2016/17,239,England,2015/16,N/A,N/A,N/A
68,Locally committed,Protecting our most vulnerable people,,,SUPPORTING,Adult safeguarding - S42 enquiries - number,number,N/A,,,,281,Coventry,Apr-Sep 2017/18,920,Coventry,2016/17 revised,499,Coventry,Apr-Sep 2016/17,966,Coventry,2015/16,N/A,N/A,N/A,N/A,N/A,N/A,N/A,N/A,N/A,N/A,N/A,N/A,N/A,N/A,N/A,N/A,N/A,N/A
69,Locally committed,Protecting our most vulnerable people,,,TRUE,Regulated adult social care services rated as inadequate,%,Low is good,Stayed the same,?3,On-target,1,Coventry,Sep-17,1,Coventry,31-Mar-17,0,Coventry,30-Sep-16,3,Coventry,31-Mar-16,N/A,N/A,N/A,N/A,N/A,N/A,N/A,N/A,N/A,N/A,N/A,N/A,N/A,N/A,N/A,N/A,N/A,N/A
70,Locally committed,Protecting our most vulnerable people,,,SUPPORTING,Adult social care service users receiving long term on-going support - rate,"Rate per 100,000 population ",N/A,Similar/unchanged,,,1240,Coventry,Sep-17,1269,Coventry,31-Mar-17,1266,Coventry,30-Sep-16,1343,Coventry,31-Mar-16,1599,CIPFA,2016/17,1386,CIPFA,2015/16,N/A,N/A,N/A,1519,England,2016/17,1716,England,2015/16,N/A,N/A,N/A
71,Locally committed,Protecting our most vulnerable people,,,TRUE,Adult social care service users receiving long term on-going support - number,number,N/A,Stayed the same,"3,400-3,800",On-target,3428,Coventry,Sep-17,3430,Coventry,31/03/2017 provisional,3421,Coventry,30-Sep-16,3631,Coventry,31 March 2016 revised,N/A,N/A,N/A,N/A,N/A,N/A,N/A,N/A,N/A,N/A,N/A,N/A,N/A,N/A,N/A,N/A,N/A,N/A
72,Locally committed,Protecting our most vulnerable people,,,TRUE,Proportion of adult social care service users who feel safe,%,High is good,Not applicable,70+,Not applicable,N/A,N/A,N/A,75,Coventry,2016/17 ,N/A,N/A,N/A,70,Coventry,2015/16,N/A,N/A,N/A,69,CIPFA,2016/17,68.7,CIPFA,2015/16 revised,N/A,N/A,N/A,70,England,2016/17,68.8,England,2015/16 revised
73,Locally committed,Protecting our most vulnerable people,,,SUPPORTING,Adults who contacted adult social care this year who were not previously receiving social care support - rate,"Rate per 100,000",N/A,N/A,,,1128,Coventry,Sept 2017 excluding mental health data,3496,Coventry,2016/17,2484,Coventry,Apr-Sep 2016/17 excluding mental health data,3440,Coventry,2015/16 revised,4525,CIPFA,2016/17,5215,CIPFA,2015/16,N/A,N/A,N/A,1519,England,2016/17,4200,England,2015/16,N/A,N/A,N/A
74,Locally committed,Protecting our most vulnerable people,,,TRUE,Adults who contacted adult social care this year who were not previously receiving social care support - number,number,N/A,Not applicable,"9,000-10,000",Not applicable,3119,Coventry,Sept 2017 excluding mental health data,9446,Coventry,2016/17,3358 excluding mental health,Coventry,Apr-Sep 2016/17,9296,Coventry,2015/16,N/A,N/A,N/A,N/A,N/A,N/A,N/A,N/A,N/A,N/A,N/A,N/A,N/A,N/A,N/A,N/A,N/A,N/A
75,Locally committed,Protecting our most vulnerable people,,,TRUE,Breastfeeding rates at 6-8 weeks,%,High is good,Stayed the same,N/A,No target set,48.1,Coventry,Oct - Dec 2016/17,49.4,Coventry,Jul -Sep 2016/17,48.3,Coventry,Apr - June 2016/17,NA,Coventry,2015/16 failed validation test,N/A,N/A,N/A,N/A,WMR,2016/17 failed validation test,N/A,N/A,N/A,44.1,England,Oct-Dec 2016/17,44.4,England,Jul - Sep 2016/17,44.7,England,Apr-Jun 2016/17
76,Locally committed,Reducing health inequalities,,,TRUE,Male healthy life expectancy at birth,years,High is good,Not applicable,N/A,No target set,N/A,N/A,N/A,62.9,Coventry,2013-15,N/A,N/A,N/A,61.3,Coventry,2012-14 revised,N/A,N/A,N/A,62.4,WMR,2013-15,62.4,WMR,2012-14,N/A,N/A,N/A,63.4,England,2013-15,63.4,England,2012-14
77,Locally committed,Reducing health inequalities,,,TRUE,Female healthy life expectancy at birth,years,High is good,Not applicable,N/A,No target set,N/A,N/A,N/A,63.8,Coventry,2013-15,N/A,N/A,N/A,63.4,Coventry,2012-14 revised,N/A,N/A,N/A,63.2,WMR,2013-15,62.5,WMR,2012-14,N/A,N/A,N/A,64.1,England,2013-15,64,England,2012-14
78,Delivering our priorities with fewer resources,Making the most of our assets,,,TRUE,Carbon dioxide emissions from local authority operations,tonnes,Low is good,Improved,-35% by 2020,On-target,14640,Coventry,2016/17 Actual,N/A,N/A,N/A,N/A,N/A,N/A,16368,Coventry,2015/16 actual,N/A,N/A,N/A,N/A,N/A,N/A,N/A,N/A,N/A,N/A,N/A,N/A,N/A,N/A,N/A,N/A,N/A,N/A
79,Delivering our priorities with fewer resources,Making the most of our assets,,,TRUE,"Core employee headcount (full-time equivalents, fte)",full-time equivalents,Low is good,Improved,N/A,No target set,3814.93,Coventry,Sep-17,4108.31,Coventry,Mar-17,4163.65,Coventry,Sep-16,4242.05,Coventry,Mar-16,N/A,N/A,N/A,N/A,N/A,N/A,N/A,N/A,N/A,N/A,N/A,N/A,N/A,N/A,N/A,N/A,N/A,N/A
80,Delivering our priorities with fewer resources,Making the most of our assets,TRUE,,TRUE,Council staff sickness absence,days per full-time equivalent,Low is good,Got worse,8,Off-target,4.05,Coventry,Apr-Sep 2017/18,8.64,Coventry,2016/17,3.74,Coventry,Apr-Sep 2016/17,8.51,Coventry,2015/16,N/A,N/A,N/A,N/A,N/A,N/A,N/A,N/A,N/A,N/A,N/A,N/A,N/A,N/A,N/A,N/A,N/A,N/A
81,Delivering our priorities with fewer resources,Making the most of our assets,,,TRUE,External funding attracted,millions of pounds,High is good,Can't say,N/A,Target not applicable,23,Coventry,Sep-17,54.4,Coventry,2016/17,17.8,Coventry,Apr-Sep 2016/17,46.8,Coventry,2015/16,N/A,N/A,N/A,N/A,N/A,N/A,N/A,N/A,N/A,N/A,N/A,N/A,N/A,N/A,N/A,N/A,N/A,N/A
82,Delivering our priorities with fewer resources,Making the most of our assets,,,TRUE,Transactions done online,%,High is good,Improved,35,On-target,33,Coventry,Sep-17,28,Coventry,2016/17,28,Coventry,Apr-Sep 2016/17,20,Coventry,2015/16,N/A,N/A,N/A,N/A,N/A,N/A,N/A,N/A,N/A,N/A,N/A,N/A,N/A,N/A,N/A,N/A,N/A,N/A
83,Delivering our priorities with fewer resources,Making the most of our assets,,,TRUE,Reduction in face to face and telephone contact,%,High is good,Not applicable,32,Not applicable,N/A,N/A,N/A,30,Coventry,2016/17,25,Coventry,Apr-Sep 2016/17,24,Coventry,2015/16,N/A,N/A,N/A,N/A,N/A,N/A,N/A,N/A,N/A,N/A,N/A,N/A,N/A,N/A,N/A,N/A,N/A,N/A
84,Globally connected,Helping local people into jobs,TRUE,TRUE,FALSE,"Young people supported by coaches into employment, education or training",number,High is good,N/A,N/A,N/A,N/A,N/A,N/A,558,Coventry,2016/17,172,Coventry,Apr-Sep 2016/17,New Indicator,N/A,N/A,N/A,N/A,N/A,N/A,N/A,N/A,N/A,N/A,N/A,N/A,N/A,N/A,N/A,N/A,N/A,N/A,N/A,N/A
85,Globally connected,Helping local people into jobs,TRUE,TRUE,FALSE,Young people with disabilities or health problems accessing coaches,number,High is good,N/A,N/A,N/A,N/A,N/A,N/A,257,Coventry,2016/17,87,Coventry,Apr-Sep 2016/17,New Indicator,N/A,N/A,N/A,N/A,N/A,N/A,N/A,N/A,N/A,N/A,N/A,N/A,N/A,N/A,N/A,N/A,N/A,N/A,N/A,N/A
86,Locally committed,Reducing health inequalities,TRUE,,FALSE,Residents who are fairly/very satisfied with their local area,%,High is good,N/A,N/A,N/A,N/A,N/A,N/A,88,Coventry,2016,88,Coventry,2016,89,Coventry,2013,N/A,N/A,N/A,N/A,N/A,N/A,N/A,N/A,N/A,N/A,N/A,N/A,82,LGA Benchmark,2015,82,LGA Benchmark,2015
87,Delivering our priorities with fewer resources,Active communities & empowered citizens,TRUE,,FALSE,Residents who trust the Council a fair amount/a great deal,%,High is good,N/A,N/A,N/A,N/A,N/A,N/A,69,Coventry,2016,69,Coventry,2016,New Flash Fact,N/A,N/A,N/A,N/A,N/A,N/A,N/A,N/A,N/A,N/A,N/A,N/A,N/A,N/A,58,LGA Benchmark,2015,58,LGA Benchmark,2015
88,Delivering our priorities with fewer resources,Active communities & empowered citizens,TRUE,,FALSE,Residents who are fairly/very satisfied with the Council,%,High is good,N/A,N/A,N/A,N/A,N/A,N/A,61,Coventry,2016,61,Coventry,2016,New Flash Fact,N/A,N/A,N/A,N/A,N/A,N/A,N/A,N/A,N/A,N/A,N/A,N/A,N/A,N/A,67,LGA Benchmark,2015,67,LGA Benchmark,2015
89,Locally committed,Make communities safer,TRUE,,FALSE,Reported offences (including crime/non-crime/reporting centre incidents) motivated by hatred/prejudice towards a person because of their actual/perceived protected characteristic of...disability (disability hate crime),number,N/A,Can't say,N/A,Target not applicable,<5,Coventry,Sep-17,13,Coventry,2016/17,9,Coventry,Apr-Sep 2016/17,27,Coventry,2015/16,N/A,N/A,N/A,N/A,N/A,N/A,N/A,N/A,N/A,N/A,N/A,N/A,N/A,N/A,N/A,N/A,N/A,N/A
90,Locally committed,Make communities safer,TRUE,,FALSE,Reported offences (including crime/non-crime/reporting centre incidents) motivated by hatred/prejudice towards a person because of their actual/perceived protected characteristic of...race/ethnicity (racist incidents),number,N/A,Can't say,N/A,Target not applicable,200,Coventry,Sep-17,426,Coventry,2016/17,271,Coventry,Apr-Sep 2016/17,428,Coventry,2015/16,N/A,N/A,N/A,N/A,N/A,N/A,N/A,N/A,N/A,N/A,N/A,N/A,N/A,N/A,N/A,N/A,N/A,N/A
91,Locally committed,Make communities safer,TRUE,,FALSE,Reported offences (including crime/non-crime/reporting centre incidents) motivated by hatred/prejudice towards a person because of their actual/perceived protected characteristic of...sex/gender or transgender (gender identity/reassignment),number,N/A,Can't say,N/A,Target not applicable,<5,Coventry,Sep-17,<5,Coventry,2016/17,<5,Coventry,Apr-Sep 2016/17,<5,Coventry,2015/16,N/A,N/A,N/A,N/A,N/A,N/A,N/A,N/A,N/A,N/A,N/A,N/A,N/A,N/A,N/A,N/A,N/A,N/A
92,Locally committed,Make communities safer,TRUE,,FALSE,Reported offences (including crime/non-crime/reporting centre incidents) motivated by hatred/prejudice towards a person because of their actual/perceived protected characteristic of...sexual orientation (homophobia),number,N/A,Can't say,N/A,Target not applicable,19,Coventry,Sep-17,34,Coventry,2016/17,20,Coventry,Apr-Sep 2016/17,45,Coventry,2015/16,N/A,N/A,N/A,N/A,N/A,N/A,N/A,N/A,N/A,N/A,N/A,N/A,N/A,N/A,N/A,N/A,N/A,N/A
93,Locally committed,Make communities safer,TRUE,,FALSE,Reported offences (including crime/non-crime/reporting centre incidents) motivated by hatred/prejudice towards a person because of their actual/perceived protected characteristic of...religion or belief,number,N/A,Can't say,N/A,Target not applicable,9,Coventry,Sep-17,8,Coventry,2016/17,9,Coventry,Apr-Sep 2016/17,23,Coventry,2015/16,N/A,N/A,N/A,N/A,N/A,N/A,N/A,N/A,N/A,N/A,N/A,N/A,N/A,N/A,N/A,N/A,N/A,N/A
94,Locally committed,Make communities safer,TRUE,,FALSE,Reported offences (including crime/non-crime/reporting centre incidents) motivated by hatred/prejudice towards a person because of their actual/perceived protected characteristic of...gypsy/traveller,number,N/A,Can't say,N/A,Target not applicable,0,Coventry,Sep-17,0,Coventry,2016/17,0,Coventry,Apr-Sep 2016/17,<5,Coventry,2015/16,N/A,N/A,N/A,N/A,N/A,N/A,N/A,N/A,N/A,N/A,N/A,N/A,N/A,N/A,N/A,N/A,N/A,N/A
95,Locally committed,Make communities safer,TRUE,,FALSE,Reported offences (including crime/non-crime/reporting centre incidents) motivated by hatred/prejudice towards a person because of their actual/perceived protected characteristic of...not stated,number,N/A,Can't say,N/A,Target not applicable,<5,Coventry,Sep-17,5,Coventry,2016/18,0,Coventry,Apr-Sep 2016/18,<5,Coventry,2015/16,N/A,N/A,N/A,N/A,N/A,N/A,N/A,N/A,N/A,N/A,N/A,N/A,N/A,N/A,N/A,N/A,N/A,N/A
96,Locally committed,Improving educational outcomes,TRUE,,FALSE,"Key stage 2: expected standard in reading, writing & maths (results) for... Black African ",%,High is good,N/A,N/A,N/A,56,Coventry,2017,48,Coventry,2016,N/A,N/A,N/A,New Indicator,N/A,N/A,N/A,N/A,N/A,N/A,N/A,N/A,N/A,N/A,N/A,61,Black African England,2017,53,Black African England,2016,N/A,N/A,N/A
97,Locally committed,Improving educational outcomes,TRUE,,FALSE,"Key stage 2: expected standard in reading, writing & maths (results) for... Black Caribbean ",%,High is good,N/A,N/A,N/A,31,Coventry,2017,29,Coventry,2016,N/A,N/A,N/A,New Indicator,N/A,N/A,N/A,N/A,N/A,N/A,N/A,N/A,N/A,N/A,N/A,53,Black Caribbean England,2017,42,Black Caribbean England,2016,N/A,N/A,N/A
98,Locally committed,Improving educational outcomes,TRUE,,FALSE,"Key stage 2: expected standard in reading, writing & maths (results) for... Black Other ",%,High is good,N/A,N/A,N/A,49,Coventry,2017,58,Coventry,2016,N/A,N/A,N/A,New Indicator,N/A,N/A,N/A,N/A,N/A,N/A,N/A,N/A,N/A,N/A,N/A,57,Black Other England,2017,47,Black Other England,2016,N/A,N/A,N/A
99,Locally committed,Improving educational outcomes,TRUE,,FALSE,"Key stage 2: expected standard in reading, writing & maths (results) for... Asian Indian",%,High is good,N/A,N/A,N/A,70,Coventry,2017,57,Coventry,2016,N/A,N/A,N/A,New Indicator,N/A,N/A,N/A,N/A,N/A,N/A,N/A,N/A,N/A,N/A,N/A,68,Asian Indian England,2017,61,Asian Indian England,2016,N/A,N/A,N/A
100,Locally committed,Improving educational outcomes,TRUE,,FALSE,"Key stage 2: expected standard in reading, writing & maths (results) for... Asian Pakistani",%,High is good,N/A,N/A,N/A,51,Coventry,2017,49,Coventry,2016,N/A,N/A,N/A,New Indicator,N/A,N/A,N/A,N/A,N/A,N/A,N/A,N/A,N/A,N/A,N/A,55,Asian Pakistani England,2017,47,Asian Pakistani England,2016,N/A,N/A,N/A
101,Locally committed,Improving educational outcomes,TRUE,,FALSE,"Key stage 2: expected standard in reading, writing & maths (results) for... Asian Bangladeshi",%,High is good,N/A,N/A,N/A,71,Coventry,2017,57,Coventry,2016,N/A,N/A,N/A,New Indicator,N/A,N/A,N/A,N/A,N/A,N/A,N/A,N/A,N/A,N/A,N/A,64,Asian Bangladeshi England,2017,54,Asian Bangladeshi England,2016,N/A,N/A,N/A
102,Locally committed,Improving educational outcomes,TRUE,,FALSE,"Key stage 2: expected standard in reading, writing & maths (results) for... Asian Chinese",%,High is good,N/A,N/A,N/A,91,Coventry,2017,50,Coventry,2016,N/A,N/A,N/A,New Indicator,N/A,N/A,N/A,N/A,N/A,N/A,N/A,N/A,N/A,N/A,N/A,77,Asian Chinese England,2017,69,Asian Chinese England,2016,N/A,N/A,N/A
103,Locally committed,Improving educational outcomes,TRUE,,FALSE,"Key stage 2: expected standard in reading, writing & maths (results) for... White",%,High is good,N/A,N/A,N/A,58,Coventry,2017,49,Coventry,2016,N/A,N/A,N/A,New Indicator,N/A,N/A,N/A,N/A,N/A,N/A,N/A,N/A,N/A,N/A,N/A,61,White England,2017,54,White England,2016,N/A,N/A,N/A
104,Locally committed,Improving educational outcomes,TRUE,,FALSE,"Key stage 2: expected standard in reading, writing & maths (results) for... White and black African",%,High is good,N/A,N/A,N/A,71,Coventry,2017,44,Coventry,2016,N/A,N/A,N/A,New Indicator,N/A,N/A,N/A,N/A,N/A,N/A,N/A,N/A,N/A,N/A,N/A,62,White and black African England,2017,54,White and black African England,2016,N/A,N/A,N/A
105,Locally committed,Improving educational outcomes,TRUE,,FALSE,"Key stage 2: expected standard in reading, writing & maths (results) for... White and black Caribbean",%,High is good,N/A,N/A,N/A,46,Coventry,2017,42,Coventry,2016,N/A,N/A,N/A,New Indicator,N/A,N/A,N/A,N/A,N/A,N/A,N/A,N/A,N/A,N/A,N/A,54,White and black Caribbean England,2017,47,White and black Caribbean England,2016,N/A,N/A,N/A
106,Locally committed,Improving educational outcomes,TRUE,,FALSE,"Key stage 2: expected standard in reading, writing & maths (results) for... White and Asian",%,High is good,N/A,N/A,N/A,60,Coventry,2017,59,Coventry,2016,N/A,N/A,N/A,New Indicator,N/A,N/A,N/A,N/A,N/A,N/A,N/A,N/A,N/A,N/A,N/A,69,White and Asian England,2017,63,White and Asian England,2016,N/A,N/A,N/A
107,Locally committed,Improving educational outcomes,TRUE,,FALSE,"Key stage 2: expected standard in reading, writing & maths (results) for... Any other mixed",%,High is good,N/A,N/A,N/A,60,Coventry,2017,46,Coventry,2016,N/A,N/A,N/A,New Indicator,N/A,N/A,N/A,N/A,N/A,N/A,N/A,N/A,N/A,N/A,N/A,64,Any other mixed England,2017,56,Any other mixed England,2016,N/A,N/A,N/A
108,Locally committed,Improving educational outcomes,TRUE,,FALSE,"Key stage 2: expected standard in reading, writing & maths (results) for... Roma/Gypsy",%,High is good,N/A,N/A,N/A,11,Coventry,2017,7,Coventry,2016,N/A,N/A,N/A,New Indicator,N/A,N/A,N/A,N/A,N/A,N/A,N/A,N/A,N/A,N/A,N/A,16,Roma Gypsy England,2017,13,Roma Gypsy England,2016,N/A,N/A,N/A
109,Locally committed,Improving educational outcomes,TRUE,,FALSE,"Key stage 2: expected standard in reading, writing & maths (results) for... Irish",%,High is good,N/A,N/A,N/A,73,Coventry,2017,76,Coventry,2016,N/A,N/A,N/A,New Indicator,N/A,N/A,N/A,N/A,N/A,N/A,N/A,N/A,N/A,N/A,N/A,68,Irish England,2017,60,Irish England,2016,N/A,N/A,N/A
110,Locally committed,Improving educational outcomes,TRUE,,FALSE,"Key stage 2: expected standard in reading, writing & maths (results) for... Pupil Premium",%,High is good,N/A,N/A,N/A,46,Coventry,2017,38,Coventry,2016,N/A,N/A,N/A,New Indicator,N/A,N/A,N/A,N/A,N/A,N/A,N/A,N/A,N/A,N/A,N/A,47,Pupil Premium England,2017,39,Pupil Premium England,2016,N/A,N/A,N/A
111,Locally committed,Improving educational outcomes,TRUE,,FALSE,"Key stage 2: expected standard in reading, writing & maths (results) for... Special Educational Needs",%,High is good,N/A,N/A,N/A,16,Coventry,2017,11,Coventry,2016,N/A,N/A,N/A,New Indicator,N/A,N/A,N/A,N/A,N/A,N/A,N/A,N/A,N/A,N/A,N/A,18,SEN England,2017,14,SEN England,2016,N/A,N/A,N/A
112,Locally committed,Improving educational outcomes,TRUE,,FALSE,"Key stage 2: expected standard in reading, writing & maths (results) for... Boys",%,High is good,N/A,N/A,N/A,54,Coventry,2017,44,Coventry,2016,N/A,N/A,N/A,New Indicator,N/A,N/A,N/A,N/A,N/A,N/A,N/A,N/A,N/A,N/A,N/A,57,Boys England,2017,50,Boys England,2016,N/A,N/A,N/A
113,Locally committed,Improving educational outcomes,TRUE,,FALSE,"Key stage 2: expected standard in reading, writing & maths (results) for... Girls",%,High is good,N/A,N/A,N/A,62,Coventry,2017,53,Coventry,2016,N/A,N/A,N/A,New Indicator,N/A,N/A,N/A,N/A,N/A,N/A,N/A,N/A,N/A,N/A,N/A,65,Girls England,2017,57,Girls England,2016,N/A,N/A,N/A
114,Locally committed,Improving educational outcomes,TRUE,,FALSE,"Key stage 2: expected standard in reading, writing & maths (difference with same group national comparator) for... Black African ",% difference between same group nationally,High is good,Right direction,Reduce gap with same group nationally,Similar/unchanged,-5,Coventry,2017,-5,Coventry,2016,N/A,N/A,N/A,New Indicator,N/A,N/A,N/A,N/A,N/A,N/A,N/A,N/A,N/A,N/A,N/A,N/A,N/A,N/A,N/A,N/A,N/A,N/A,N/A,N/A
115,Locally committed,Improving educational outcomes,TRUE,,FALSE,"Key stage 2: expected standard in reading, writing & maths (difference with same group national comparator) for... Black Caribbean",% difference between same group nationally,High is good,Right direction,Reduce gap with same group nationally,Off-target,-22,Coventry,2017,-13,Coventry,2016,N/A,N/A,N/A,New Indicator,N/A,N/A,N/A,N/A,N/A,N/A,N/A,N/A,N/A,N/A,N/A,N/A,N/A,N/A,N/A,N/A,N/A,N/A,N/A,N/A
116,Locally committed,Improving educational outcomes,TRUE,,FALSE,"Key stage 2: expected standard in reading, writing & maths (difference with same group national comparator) for... Black Other",% difference between same group nationally,High is good,Wrong direction,Reduce gap with same group nationally,Off-target,-8,Coventry,2017,7,Coventry,2016,N/A,N/A,N/A,New Indicator,N/A,N/A,N/A,N/A,N/A,N/A,N/A,N/A,N/A,N/A,N/A,N/A,N/A,N/A,N/A,N/A,N/A,N/A,N/A,N/A
117,Locally committed,Improving educational outcomes,TRUE,,FALSE,"Key stage 2: expected standard in reading, writing & maths (difference with same group national comparator) for... Asian Indian",% difference between same group nationally,High is good,Right direction,Reduce gap with same group nationally,On-target,2,Coventry,2017,-4,Coventry,2016,N/A,N/A,N/A,New Indicator,N/A,N/A,N/A,N/A,N/A,N/A,N/A,N/A,N/A,N/A,N/A,N/A,N/A,N/A,N/A,N/A,N/A,N/A,N/A,N/A
118,Locally committed,Improving educational outcomes,TRUE,,FALSE,"Key stage 2: expected standard in reading, writing & maths (difference with same group national comparator) for... Asian Pakistani",% difference between same group nationally,High is good,Right direction,Reduce gap with same group nationally,Off-target,-5,Coventry,2017,2,Coventry,2016,N/A,N/A,N/A,New Indicator,N/A,N/A,N/A,N/A,N/A,N/A,N/A,N/A,N/A,N/A,N/A,N/A,N/A,N/A,N/A,N/A,N/A,N/A,N/A,N/A
119,Locally committed,Improving educational outcomes,TRUE,,FALSE,"Key stage 2: expected standard in reading, writing & maths (difference with same group national comparator) for... Asian Bangladeshi",% difference between same group nationally,High is good,Right direction,Reduce gap with same group nationally,On-target,7,Coventry,2017,3,Coventry,2016,N/A,N/A,N/A,New Indicator,N/A,N/A,N/A,N/A,N/A,N/A,N/A,N/A,N/A,N/A,N/A,N/A,N/A,N/A,N/A,N/A,N/A,N/A,N/A,N/A
120,Locally committed,Improving educational outcomes,TRUE,,FALSE,"Key stage 2: expected standard in reading, writing & maths (difference with same group national comparator) for... Asian Chinese",% difference between same group nationally,High is good,Right direction,Reduce gap with same group nationally,On-target,14,Coventry,2017,-19,Coventry,2016,N/A,N/A,N/A,New Indicator,N/A,N/A,N/A,N/A,N/A,N/A,N/A,N/A,N/A,N/A,N/A,N/A,N/A,N/A,N/A,N/A,N/A,N/A,N/A,N/A
121,Locally committed,Improving educational outcomes,TRUE,,FALSE,"Key stage 2: expected standard in reading, writing & maths (difference with same group national comparator) for... White",% difference between same group nationally,High is good,Right direction,Reduce gap with same group nationally,On-target,-3,Coventry,2017,-5,Coventry,2016,N/A,N/A,N/A,New Indicator,N/A,N/A,N/A,N/A,N/A,N/A,N/A,N/A,N/A,N/A,N/A,N/A,N/A,N/A,N/A,N/A,N/A,N/A,N/A,N/A
122,Locally committed,Improving educational outcomes,TRUE,,FALSE,"Key stage 2: expected standard in reading, writing & maths (difference with same group national comparator) for... White and Black African",% difference between same group nationally,High is good,Right direction,Reduce gap with same group nationally,On-target,9,Coventry,2017,-10,Coventry,2016,N/A,N/A,N/A,New Indicator,N/A,N/A,N/A,N/A,N/A,N/A,N/A,N/A,N/A,N/A,N/A,N/A,N/A,N/A,N/A,N/A,N/A,N/A,N/A,N/A
123,Locally committed,Improving educational outcomes,TRUE,,FALSE,"Key stage 2: expected standard in reading, writing & maths (difference with same group national comparator) for... White and Black Caribbean",% difference between same group nationally,High is good,Right direction,Reduce gap with same group nationally,Off-target,-8,Coventry,2017,-5,Coventry,2016,N/A,N/A,N/A,New Indicator,N/A,N/A,N/A,N/A,N/A,N/A,N/A,N/A,N/A,N/A,N/A,N/A,N/A,N/A,N/A,N/A,N/A,N/A,N/A,N/A
124,Locally committed,Improving educational outcomes,TRUE,,FALSE,"Key stage 2: expected standard in reading, writing & maths (difference with same group national comparator) for... White and Asian",% difference between same group nationally,High is good,Right direction,Reduce gap with same group nationally,Off-target,-9,Coventry,2017,-8,Coventry,2016,N/A,N/A,N/A,New Indicator,N/A,N/A,N/A,N/A,N/A,N/A,N/A,N/A,N/A,N/A,N/A,N/A,N/A,N/A,N/A,N/A,N/A,N/A,N/A,N/A
125,Locally committed,Improving educational outcomes,TRUE,,FALSE,"Key stage 2: expected standard in reading, writing & maths (difference with same group national comparator) for... Any other mixed",% difference between same group nationally,High is good,Right direction,Reduce gap with same group nationally,On-target,-4,Coventry,2017,-9,Coventry,2016,N/A,N/A,N/A,New Indicator,N/A,N/A,N/A,N/A,N/A,N/A,N/A,N/A,N/A,N/A,N/A,N/A,N/A,N/A,N/A,N/A,N/A,N/A,N/A,N/A
126,Locally committed,Improving educational outcomes,TRUE,,FALSE,"Key stage 2: expected standard in reading, writing & maths (difference with same group national comparator) for... Roma Gimpy",% difference between same group nationally,High is good,Right direction,Reduce gap with same group nationally,On-target,-5,Coventry,2017,-6,Coventry,2016,N/A,N/A,N/A,New Indicator,N/A,N/A,N/A,N/A,N/A,N/A,N/A,N/A,N/A,N/A,N/A,N/A,N/A,N/A,N/A,N/A,N/A,N/A,N/A,N/A
127,Locally committed,Improving educational outcomes,TRUE,,FALSE,"Key stage 2: expected standard in reading, writing & maths (difference with same group national comparator) for... Irish",% difference between same group nationally,High is good,Wrong direction,Reduce gap with same group nationally,On-target,5,Coventry,2017,16,Coventry,2016,N/A,N/A,N/A,New Indicator,N/A,N/A,N/A,N/A,N/A,N/A,N/A,N/A,N/A,N/A,N/A,N/A,N/A,N/A,N/A,N/A,N/A,N/A,N/A,N/A
128,Locally committed,Improving educational outcomes,TRUE,,FALSE,"Key stage 2: expected standard in reading, writing & maths (difference with same group national comparator) for... Pupil Premium",% difference between same group nationally,High is good,Right direction,Reduce gap with same group nationally,Similar/unchanged,-1,Coventry,2017,-1,Coventry,2016,N/A,N/A,N/A,New Indicator,N/A,N/A,N/A,N/A,N/A,N/A,N/A,N/A,N/A,N/A,N/A,N/A,N/A,N/A,N/A,N/A,N/A,N/A,N/A,N/A
129,Locally committed,Improving educational outcomes,TRUE,,FALSE,"Key stage 2: expected standard in reading, writing & maths (difference with same group national comparator) for... Special Educational Needs",% difference between same group nationally,High is good,Right direction,Reduce gap with same group nationally,On-target,-2,Coventry,2017,-3,Coventry,2016,N/A,N/A,N/A,New Indicator,N/A,N/A,N/A,N/A,N/A,N/A,N/A,N/A,N/A,N/A,N/A,N/A,N/A,N/A,N/A,N/A,N/A,N/A,N/A,N/A
130,Locally committed,Improving educational outcomes,TRUE,,FALSE,"Key stage 2: expected standard in reading, writing & maths (difference with same group national comparator) for... Boys",% difference between same group nationally,High is good,Right direction,Reduce gap with same group nationally,On-target,-3,Coventry,2017,-6,Coventry,2016,N/A,N/A,N/A,New Indicator,N/A,N/A,N/A,N/A,N/A,N/A,N/A,N/A,N/A,N/A,N/A,N/A,N/A,N/A,N/A,N/A,N/A,N/A,N/A,N/A
131,Locally committed,Improving educational outcomes,TRUE,,FALSE,"Key stage 2: expected standard in reading, writing & maths (difference with same group national comparator) for... Girls",% difference between same group nationally,High is good,Right direction,Reduce gap with same group nationally,On-target,-3,Coventry,2017,-4,Coventry,2016,N/A,N/A,N/A,New Indicator,N/A,N/A,N/A,N/A,N/A,N/A,N/A,N/A,N/A,N/A,N/A,N/A,N/A,N/A,N/A,N/A,N/A,N/A,N/A,N/A
132,Locally committed,Improving educational outcomes,TRUE,,FALSE,Key stage 4: achieving attainment 8 results for Black African,Average score,High is good,N/A,N/A,N/A,45,Coventry,2017,48,Coventry,2016,N/A,N/A,N/A,New Indicator,N/A,N/A,N/A,N/A,N/A,N/A,N/A,N/A,N/A,N/A,N/A,47,Black African England,2017,50,Black African England,2016,N/A,N/A,N/A
133,Locally committed,Improving educational outcomes,TRUE,,FALSE,Key stage 4: achieving attainment 8 results for Black Caribbean,Average score,High is good,N/A,N/A,N/A,40,Coventry,2017,43,Coventry,2016,N/A,N/A,N/A,New Indicator,N/A,N/A,N/A,N/A,N/A,N/A,N/A,N/A,N/A,N/A,N/A,40,Black Caribbean England,2017,45,Black Caribbean England,2016,N/A,N/A,N/A
134,Locally committed,Improving educational outcomes,TRUE,,FALSE,Key stage 4: achieving attainment 8 results for Black other,Average score,High is good,N/A,N/A,N/A,40,Coventry,2017,53,Coventry,2016,N/A,N/A,N/A,New Indicator,N/A,N/A,N/A,N/A,N/A,N/A,N/A,N/A,N/A,N/A,N/A,42,Black Other England,2017,47,Black Other England,2016,N/A,N/A,N/A
135,Locally committed,Improving educational outcomes,TRUE,,FALSE,Key stage 4: achieving attainment 8 results for Asian Indian,Average score,High is good,N/A,N/A,N/A,52,Coventry,2017,55,Coventry,2016,N/A,N/A,N/A,New Indicator,N/A,N/A,N/A,N/A,N/A,N/A,N/A,N/A,N/A,N/A,N/A,55,Asian Indian England,2017,57,Asian Indian England,2016,N/A,N/A,N/A
136,Locally committed,Improving educational outcomes,TRUE,,FALSE,Key stage 4: achieving attainment 8 results for Asian Pakistani,Average score,High is good,N/A,N/A,N/A,42,Coventry,2017,49,Coventry,2016,N/A,N/A,N/A,New Indicator,N/A,N/A,N/A,N/A,N/A,N/A,N/A,N/A,N/A,N/A,N/A,45,Asian Pakistani England,2017,50,Asian Pakistani England,2016,N/A,N/A,N/A
137,Locally committed,Improving educational outcomes,TRUE,,FALSE,Key stage 4: achieving attainment 8 results for Asian Bangladeshi,Average score,High is good,N/A,N/A,N/A,50,Coventry,2017,55,Coventry,2016,N/A,N/A,N/A,New Indicator,N/A,N/A,N/A,N/A,N/A,N/A,N/A,N/A,N/A,N/A,N/A,50,Asian Bangladeshi England,2017,52,Asian Bangladeshi England,2016,N/A,N/A,N/A
138,Locally committed,Improving educational outcomes,TRUE,,FALSE,Key stage 4: achieving attainment 8 results for Asian Chinese,Average score,High is good,N/A,N/A,N/A,70,Coventry,2017,59,Coventry,2016,N/A,N/A,N/A,New Indicator,N/A,N/A,N/A,N/A,N/A,N/A,N/A,N/A,N/A,N/A,N/A,62,Asian Chinese England,2017,62,Asian Chinese England,2016,N/A,N/A,N/A
139,Locally committed,Improving educational outcomes,TRUE,,FALSE,Key stage 4: achieving attainment 8 results for White,Average score,High is good,N/A,N/A,N/A,41,Coventry,2017,47,Coventry,2016,N/A,N/A,N/A,New Indicator,N/A,N/A,N/A,N/A,N/A,N/A,N/A,N/A,N/A,N/A,N/A,46,White England,2017,50,White England,2016,N/A,N/A,N/A
140,Locally committed,Improving educational outcomes,TRUE,,FALSE,Key stage 4: achieving attainment 8 results for White and Black African,Average score,High is good,N/A,N/A,N/A,46,Coventry,2017,45,Coventry,2016,N/A,N/A,N/A,New Indicator,N/A,N/A,N/A,N/A,N/A,N/A,N/A,N/A,N/A,N/A,N/A,47,White and black African England,2017,50,White and black African England,2016,N/A,N/A,N/A
141,Locally committed,Improving educational outcomes,TRUE,,FALSE,Key stage 4: achieving attainment 8 results for White and Black Caribbean,Average score,High is good,N/A,N/A,N/A,34,Coventry,2017,42,Coventry,2016,N/A,N/A,N/A,New Indicator,N/A,N/A,N/A,N/A,N/A,N/A,N/A,N/A,N/A,N/A,N/A,41,White and black Caribbean England,2017,46,White and black Caribbean England,2016,N/A,N/A,N/A
142,Locally committed,Improving educational outcomes,TRUE,,FALSE,Key stage 4: achieving attainment 8 results for White and Asian,Average score,High is good,N/A,N/A,N/A,42,Coventry,2017,46,Coventry,2016,N/A,N/A,N/A,New Indicator,N/A,N/A,N/A,N/A,N/A,N/A,N/A,N/A,N/A,N/A,N/A,52,White and Asian England,2017,54,White and Asian England,2016,N/A,N/A,N/A
143,Locally committed,Improving educational outcomes,TRUE,,FALSE,Key stage 4: achieving attainment 8 results for Any other mix,Average score,High is good,N/A,N/A,N/A,46,Coventry,2017,49,Coventry,2016,N/A,N/A,N/A,New Indicator,N/A,N/A,N/A,N/A,N/A,N/A,N/A,N/A,N/A,N/A,N/A,48,Any other mixed England,2017,52,Any other mixed England,2016,N/A,N/A,N/A
144,Locally committed,Improving educational outcomes,TRUE,,FALSE,Key stage 4: achieving attainment 8 results for Gypsy Roma,Average score,High is good,N/A,N/A,N/A,20,Coventry,2017,20,Coventry,2016,N/A,N/A,N/A,New Indicator,N/A,N/A,N/A,N/A,N/A,N/A,N/A,N/A,N/A,N/A,N/A,18,Roma Gypsy England,2017,20,Roma Gypsy England,2016,N/A,N/A,N/A
145,Locally committed,Improving educational outcomes,TRUE,,FALSE,Key stage 4: achieving attainment 8 results for Transient,Average score,High is good,N/A,N/A,N/A,34,Coventry,2017,42,Coventry,2016,N/A,N/A,N/A,New Indicator,N/A,N/A,N/A,N/A,N/A,N/A,N/A,N/A,N/A,N/A,N/A,32,Transient England,2017,36,Transient England,2016,N/A,N/A,N/A
146,Locally committed,Improving educational outcomes,TRUE,,FALSE,Key stage 4: achieving attainment 8 results for Pupil Premium,Average score,High is good,N/A,N/A,N/A,35,Coventry,2017,40,Coventry,2016,N/A,N/A,N/A,New Indicator,N/A,N/A,N/A,N/A,N/A,N/A,N/A,N/A,N/A,N/A,N/A,37,Pupil Premium England,2017,41,Pupil Premium England,2016,N/A,N/A,N/A
147,Locally committed,Improving educational outcomes,TRUE,,FALSE,Key stage 4: achieving attainment 8 results for White Boys Pupil Premium,Average score,High is good,N/A,N/A,N/A,26,Coventry,2017,34,Coventry,2016,N/A,N/A,N/A,New Indicator,N/A,N/A,N/A,N/A,N/A,N/A,N/A,N/A,N/A,N/A,N/A,31,White Boys Pupil Premium England,2017,36,White Boys Pupil Premium England,2016,N/A,N/A,N/A
148,Locally committed,Improving educational outcomes,TRUE,,FALSE,Key stage 4: achieving attainment 8 results for Special Educational Needs,Average score,High is good,N/A,N/A,N/A,23,Coventry,2017,30,Coventry,2016,N/A,N/A,N/A,New Indicator,N/A,N/A,N/A,N/A,N/A,N/A,N/A,N/A,N/A,N/A,N/A,27,SEN England,2017,31,SEN England,2016,N/A,N/A,N/A
149,Locally committed,Improving educational outcomes,TRUE,,FALSE,Key stage 4: achieving attainment 8 results for Boys,Average score,High is good,N/A,N/A,N/A,39,Coventry,2017,45,Coventry,2016,N/A,N/A,N/A,New Indicator,N/A,N/A,N/A,N/A,N/A,N/A,N/A,N/A,N/A,N/A,N/A,43,Boys England,2017,48,Boys England,2016,N/A,N/A,N/A
150,Locally committed,Improving educational outcomes,TRUE,,FALSE,Key stage 4: achieving attainment 8 results for Girls,Average score,High is good,N/A,N/A,N/A,46,Coventry,2017,51,Coventry,2016,N/A,N/A,N/A,New Indicator,N/A,N/A,N/A,N/A,N/A,N/A,N/A,N/A,N/A,N/A,N/A,49,Girls England,2017,52,Girls England,2016,N/A,N/A,N/A
151,Locally committed,Improving educational outcomes,TRUE,,FALSE,Key stage 4: achieving attainment 8 results (difference with same group national comparator)... for Black African,% difference between same group nationally,High is good,Wrong direction,Reduce gap with same group nationally,Similar/unchanged,-2,Coventry,2017,-2,Coventry,2016,N/A,N/A,N/A,New Indicator,N/A,N/A,N/A,N/A,N/A,N/A,N/A,N/A,N/A,N/A,N/A,N/A,N/A,N/A,N/A,N/A,N/A,N/A,N/A,N/A
152,Locally committed,Improving educational outcomes,TRUE,,FALSE,Key stage 4: achieving attainment 8 results (difference with same group national comparator)... for Black Caribbean,% difference between same group nationally,High is good,Wrong direction,Reduce gap with same group nationally,On-target,0,Coventry,2017,-2,Coventry,2016,N/A,N/A,N/A,New Indicator,N/A,N/A,N/A,N/A,N/A,N/A,N/A,N/A,N/A,N/A,N/A,N/A,N/A,N/A,N/A,N/A,N/A,N/A,N/A,N/A
153,Locally committed,Improving educational outcomes,TRUE,,FALSE,Key stage 4: achieving attainment 8 results (difference with same group national comparator)... for Black other,% difference between same group nationally,High is good,Wrong direction,Reduce gap with same group nationally,Off-target,-2,Coventry,2017,6,Coventry,2016,N/A,N/A,N/A,New Indicator,N/A,N/A,N/A,N/A,N/A,N/A,N/A,N/A,N/A,N/A,N/A,N/A,N/A,N/A,N/A,N/A,N/A,N/A,N/A,N/A
154,Locally committed,Improving educational outcomes,TRUE,,FALSE,Key stage 4: achieving attainment 8 results (difference with same group national comparator)... for Asian Indian,% difference between same group nationally,High is good,Wrong direction,Reduce gap with same group nationally,Off-target,-3,Coventry,2017,-2,Coventry,2016,N/A,N/A,N/A,New Indicator,N/A,N/A,N/A,N/A,N/A,N/A,N/A,N/A,N/A,N/A,N/A,N/A,N/A,N/A,N/A,N/A,N/A,N/A,N/A,N/A
155,Locally committed,Improving educational outcomes,TRUE,,FALSE,Key stage 4: achieving attainment 8 results (difference with same group national comparator)... for Asian Pakistani,% difference between same group nationally,High is good,Wrong direction,Reduce gap with same group nationally,Off-target,-3,Coventry,2017,-1,Coventry,2016,N/A,N/A,N/A,New Indicator,N/A,N/A,N/A,N/A,N/A,N/A,N/A,N/A,N/A,N/A,N/A,N/A,N/A,N/A,N/A,N/A,N/A,N/A,N/A,N/A
156,Locally committed,Improving educational outcomes,TRUE,,FALSE,Key stage 4: achieving attainment 8 results (difference with same group national comparator)... for Asian Bangladeshi,% difference between same group nationally,High is good,Wrong direction,Reduce gap with same group nationally,On-target,0,Coventry,2017,3,Coventry,2016,N/A,N/A,N/A,New Indicator,N/A,N/A,N/A,N/A,N/A,N/A,N/A,N/A,N/A,N/A,N/A,N/A,N/A,N/A,N/A,N/A,N/A,N/A,N/A,N/A
157,Locally committed,Improving educational outcomes,TRUE,,FALSE,Key stage 4: achieving attainment 8 results (difference with same group national comparator)... for Chinese,% difference between same group nationally,High is good,Right direction,Reduce gap with same group nationally,On-target,8,Coventry,2017,-3,Coventry,2016,N/A,N/A,N/A,New Indicator,N/A,N/A,N/A,N/A,N/A,N/A,N/A,N/A,N/A,N/A,N/A,N/A,N/A,N/A,N/A,N/A,N/A,N/A,N/A,N/A
158,Locally committed,Improving educational outcomes,TRUE,,FALSE,Key stage 4: achieving attainment 8 results (difference with same group national comparator)... for White,% difference between same group nationally,High is good,Wrong direction,Reduce gap with same group nationally,Off-target,-5,Coventry,2017,-3,Coventry,2016,N/A,N/A,N/A,New Indicator,N/A,N/A,N/A,N/A,N/A,N/A,N/A,N/A,N/A,N/A,N/A,N/A,N/A,N/A,N/A,N/A,N/A,N/A,N/A,N/A
159,Locally committed,Improving educational outcomes,TRUE,,FALSE,Key stage 4: achieving attainment 8 results (difference with same group national comparator)... for White and Black African,% difference between same group nationally,High is good,Right direction,Reduce gap with same group nationally,On-target,-1,Coventry,2017,-5,Coventry,2016,N/A,N/A,N/A,New Indicator,N/A,N/A,N/A,N/A,N/A,N/A,N/A,N/A,N/A,N/A,N/A,N/A,N/A,N/A,N/A,N/A,N/A,N/A,N/A,N/A
160,Locally committed,Improving educational outcomes,TRUE,,FALSE,Key stage 4: achieving attainment 8 results (difference with same group national comparator)... for White and Black Caribbean,% difference between same group nationally,High is good,Wrong direction,Reduce gap with same group nationally,Off-target,-7,Coventry,2017,-4,Coventry,2016,N/A,N/A,N/A,New Indicator,N/A,N/A,N/A,N/A,N/A,N/A,N/A,N/A,N/A,N/A,N/A,N/A,N/A,N/A,N/A,N/A,N/A,N/A,N/A,N/A
161,Locally committed,Improving educational outcomes,TRUE,,FALSE,Key stage 4: achieving attainment 8 results (difference with same group national comparator)... for White and Asian,% difference between same group nationally,High is good,Wrong direction,Reduce gap with same group nationally,Off-target,-10,Coventry,2017,-8,Coventry,2016,N/A,N/A,N/A,New Indicator,N/A,N/A,N/A,N/A,N/A,N/A,N/A,N/A,N/A,N/A,N/A,N/A,N/A,N/A,N/A,N/A,N/A,N/A,N/A,N/A
162,Locally committed,Improving educational outcomes,TRUE,,FALSE,Key stage 4: achieving attainment 8 results (difference with same group national comparator)... for Any other mix,% difference between same group nationally,High is good,Wrong direction,Reduce gap with same group nationally,On-target,-2,Coventry,2017,-3,Coventry,2016,N/A,N/A,N/A,New Indicator,N/A,N/A,N/A,N/A,N/A,N/A,N/A,N/A,N/A,N/A,N/A,N/A,N/A,N/A,N/A,N/A,N/A,N/A,N/A,N/A
163,Locally committed,Improving educational outcomes,TRUE,,FALSE,Key stage 4: achieving attainment 8 results (difference with same group national comparator)... for Gypsy Roma,% difference between same group nationally,High is good,Similar/unchanged,Reduce gap with same group nationally,On-target,2,Coventry,2017,0,Coventry,2016,N/A,N/A,N/A,New Indicator,N/A,N/A,N/A,N/A,N/A,N/A,N/A,N/A,N/A,N/A,N/A,N/A,N/A,N/A,N/A,N/A,N/A,N/A,N/A,N/A
164,Locally committed,Improving educational outcomes,TRUE,,FALSE,Key stage 4: achieving attainment 8 results (difference with same group national comparator)... for Transient,% difference between same group nationally,High is good,Wrong direction,Reduce gap with same group nationally,On-target,2,Coventry,2017,6,Coventry,2016,N/A,N/A,N/A,New Indicator,N/A,N/A,N/A,N/A,N/A,N/A,N/A,N/A,N/A,N/A,N/A,N/A,N/A,N/A,N/A,N/A,N/A,N/A,N/A,N/A
165,Locally committed,Improving educational outcomes,TRUE,,FALSE,Key stage 4: achieving attainment 8 results (difference with same group national comparator)... for Pupil Premium,% difference between same group nationally,High is good,Wrong direction,Reduce gap with same group nationally,Off-target,-2,Coventry,2017,-1,Coventry,2016,N/A,N/A,N/A,New Indicator,N/A,N/A,N/A,N/A,N/A,N/A,N/A,N/A,N/A,N/A,N/A,N/A,N/A,N/A,N/A,N/A,N/A,N/A,N/A,N/A
166,Locally committed,Improving educational outcomes,TRUE,,FALSE,Key stage 4: achieving attainment 8 results (difference with same group national comparator)... White Boys Pupil Premium,% difference between same group nationally,High is good,Wrong direction,Reduce gap with same group nationally,Off-target,-5,Coventry,2017,-2,Coventry,2016,N/A,N/A,N/A,New Indicator,N/A,N/A,N/A,N/A,N/A,N/A,N/A,N/A,N/A,N/A,N/A,N/A,N/A,N/A,N/A,N/A,N/A,N/A,N/A,N/A
167,Locally committed,Improving educational outcomes,TRUE,,FALSE,Key stage 4: achieving attainment 8 results (difference with same group national comparator)... for Special Educational Needs,% difference between same group nationally,High is good,Wrong direction,Reduce gap with same group nationally,Off-target,-4,Coventry,2017,-1,Coventry,2016,N/A,N/A,N/A,New Indicator,N/A,N/A,N/A,N/A,N/A,N/A,N/A,N/A,N/A,N/A,N/A,N/A,N/A,N/A,N/A,N/A,N/A,N/A,N/A,N/A
168,Locally committed,Improving educational outcomes,TRUE,,FALSE,Key stage 4: achieving attainment 8 results (difference with same group national comparator)... for Boys,% difference between same group nationally,High is good,Wrong direction,Reduce gap with same group nationally,Off-target,-4,Coventry,2017,-3,Coventry,2016,N/A,N/A,N/A,New Indicator,N/A,N/A,N/A,N/A,N/A,N/A,N/A,N/A,N/A,N/A,N/A,N/A,N/A,N/A,N/A,N/A,N/A,N/A,N/A,N/A
169,Locally committed,Improving educational outcomes,TRUE,,FALSE,Key stage 4: achieving attainment 8 results (difference with same group national comparator)... for Girls,% difference between same group nationally,High is good,Wrong direction,Reduce gap with same group nationally,Off-target,-3,Coventry,2017,-1,Coventry,2016,N/A,N/A,N/A,New Indicator,N/A,N/A,N/A,N/A,N/A,N/A,N/A,N/A,N/A,N/A,N/A,N/A,N/A,N/A,N/A,N/A,N/A,N/A,N/A,N/A
170,Locally committed,Improve health and wellbeing,TRUE,,FALSE,Emergency hospital admissions resulting from self-harm and abuse - rate,"Rate per 100,000",Low is good,N/A,N/A,No Target Set,N/A,N/A,N/A,525.2,Coventry,2015/16,N/A,N/A,N/A,551.9,Coventry,2014/15,N/A,N/A,N/A,443.3,WMR,2015/16,N/A,N/A,N/A,N/A,N/A,N/A,430.5,England,2015/16,N/A,N/A,N/A
171,Locally committed,Improve health and wellbeing,,,FALSE,Emergency hospital admissions resulting from self-harm and abuse - number,number,Low is good,,,,N/A,N/A,N/A,389,Coventry,2015/16,N/A,N/A,N/A,404,Coventry,2014/15,N/A,N/A,N/A,N/A,N/A,N/A,N/A,N/A,N/A,N/A,N/A,N/A,N/A,N/A,N/A,N/A,N/A,N/A
172,Locally committed,Make communities safer,TRUE,,FALSE,Domestic violence (crime and non crime) offences reported to the police involving children,%,N/A,Can't say,N/A,Target not applicable,35,Coventry,Apr-Sep 2017/18,45,Coventry,2016/17 revised,38,Coventry,Apr-Sep 2016/17,38,Coventry,2015/16,N/A,N/A,N/A,N/A,N/A,N/A,N/A,N/A,N/A,N/A,N/A,N/A,N/A,N/A,N/A,N/A,N/A,N/A
173,Locally committed,Make communities safer,,,FALSE,Domestic violence (crime and non crime) offences reported to the police by females,number,N/A,Can't say,N/A,Target not applicable,2461,Coventry,Apr-Sep 2017/18,N/A,N/A,N/A,N/A,N/A,N/A,N/A,N/A,N/A,N/A,N/A,N/A,N/A,N/A,N/A,N/A,N/A,N/A,N/A,N/A,N/A,N/A,N/A,N/A,N/A,N/A,N/A
174,Locally committed,Make communities safer,,,FALSE,Domestic violence (crime and non crime) offences reported to the police by males,number,N/A,Can't say,N/A,Target not applicable,496,Coventry,Apr-Sep 2017/18,N/A,N/A,N/A,N/A,N/A,N/A,N/A,N/A,N/A,N/A,N/A,N/A,N/A,N/A,N/A,N/A,N/A,N/A,N/A,N/A,N/A,N/A,N/A,N/A,N/A,N/A,N/A
175,Delivering our priorities with fewer resources,Making the most of our assets,TRUE,,FALSE,Council employees (number of contracts),number,N/A,Can't say,N/A,Target not applicable,4624,Coventry,Sep-17,5144,Coventry,Mar-17,5262,Coventry,Oct-16,5331,Coventry,Mar-16,N/A,N/A,N/A,N/A,N/A,N/A,N/A,N/A,N/A,N/A,N/A,N/A,N/A,N/A,N/A,N/A,N/A,N/A
176,Delivering our priorities with fewer resources,Making the most of our assets,TRUE,,FALSE,Council employees who have declared a disability - percentage,%,N/A,Can't say,N/A,Target not applicable,5.1,Coventry,Sep-17,5.2,Coventry,Mar-17,5.3,Coventry,Oct-16,5.4,Coventry,Mar-16,N/A,N/A,N/A,N/A,N/A,N/A,N/A,N/A,N/A,N/A,N/A,N/A,N/A,N/A,N/A,N/A,N/A,N/A
177,Delivering our priorities with fewer resources,Making the most of our assets,TRUE,,FALSE,Council employees who have declared a disability - number,number,N/A,,,,237,Coventry,Sep-17,268,Coventry,Mar-17,278,Coventry,Oct-16,288,Coventry,Mar-16,N/A,N/A,N/A,N/A,N/A,N/A,N/A,N/A,N/A,N/A,N/A,N/A,N/A,N/A,N/A,N/A,N/A,N/A
178,Delivering our priorities with fewer resources,Making the most of our assets,TRUE,,FALSE,Council employees who are female - percentage,%,N/A,Can't say,N/A,Target not applicable,67.9,Coventry,Sep-17,69.4,Coventry,Mar-17,69.18,Coventry,Oct-16,69.5,Coventry,Mar-16,N/A,N/A,N/A,N/A,N/A,N/A,N/A,N/A,N/A,N/A,N/A,N/A,N/A,N/A,N/A,N/A,N/A,N/A
179,Delivering our priorities with fewer resources,Making the most of our assets,TRUE,,FALSE,Council employees who are female - number,number,N/A,,,,3140,Coventry,Sep-17,3571,Coventry,Mar-17,3640,Coventry,Oct-16,3705,Coventry,Mar-16,N/A,N/A,N/A,N/A,N/A,N/A,N/A,N/A,N/A,N/A,N/A,N/A,N/A,N/A,N/A,N/A,N/A,N/A
180,Delivering our priorities with fewer resources,Making the most of our assets,TRUE,,FALSE,Council senior managers (above Grade 10) who are female - percentage,%,N/A,Can't say,N/A,Target not applicable,56.1,Coventry,Sep-17,56.6,Coventry,Mar-17,56.59,Coventry,Oct-16,53.23,Coventry,Mar-16,N/A,N/A,N/A,N/A,N/A,N/A,N/A,N/A,N/A,N/A,N/A,N/A,N/A,N/A,N/A,N/A,N/A,N/A
181,Delivering our priorities with fewer resources,Making the most of our assets,TRUE,,FALSE,Council senior managers (above Grade 10) who are female - number,number,N/A,,,,64,Coventry,Sep-17,69,Coventry,Mar-17,73,Coventry,Oct-16,66,Coventry,Mar-16,N/A,N/A,N/A,N/A,N/A,N/A,N/A,N/A,N/A,N/A,N/A,N/A,N/A,N/A,N/A,N/A,N/A,N/A
182,Delivering our priorities with fewer resources,Making the most of our assets,TRUE,,FALSE,Council employees who are from BME communities - percentage,%,N/A,Can't say,N/A,Target not applicable,14.7,Coventry,Sep-17,15.4,Coventry,Mar-17,15.77,Coventry,Oct-16,16.11,Coventry,Mar-16,N/A,N/A,N/A,N/A,N/A,N/A,N/A,N/A,N/A,N/A,N/A,N/A,N/A,N/A,N/A,N/A,N/A,N/A
183,Delivering our priorities with fewer resources,Making the most of our assets,TRUE,,FALSE,Council employees who are from BME communities - number,number,N/A,,,,680,Coventry,Sep-17,794,Coventry,Mar-17,830,Coventry,Oct-16,859,Coventry,Mar-16,N/A,N/A,N/A,N/A,N/A,N/A,N/A,N/A,N/A,N/A,N/A,N/A,N/A,N/A,N/A,N/A,N/A,N/A
184,Delivering our priorities with fewer resources,Making the most of our assets,TRUE,,FALSE,BME representation at senior management (above Grade 10) - percentage,%,N/A,Can't say,N/A,Target not applicable,7.02,Coventry,Sep-17,7.4,Coventry,Mar-17,7.75,Coventry,Oct-16,8.9,Coventry,Mar-16,N/A,N/A,N/A,N/A,N/A,N/A,N/A,N/A,N/A,N/A,N/A,N/A,N/A,N/A,N/A,N/A,N/A,N/A
185,Delivering our priorities with fewer resources,Making the most of our assets,TRUE,,FALSE,BME representation at senior management (above Grade 10) - number,number,N/A,,,,8,Coventry,Sep-17,9,Coventry,Mar-17,10,Coventry,Oct-16,9,Coventry,Mar-16,N/A,N/A,N/A,N/A,N/A,N/A,N/A,N/A,N/A,N/A,N/A,N/A,N/A,N/A,N/A,N/A,N/A,N/A
