Council Plan,Priority,Progress,Council Plan Indicator,Equality Indicator,Marmot Indicator, Sort Order ,Indicator,Unit,2015/16 end of year indicator value,2015/16 end of year indicator scope,2015/16 end of year indicator date,2016/17 end of year indicator value,2016/17 end of year indicator scope,2016/17 end of year indicator date,2016/17 half year indicator value,2016/17 half year indicator scope,2016/17 half year indicator date,2016/17 end of year indicator comparator indicator value,2016/17 end of year indicator comparator indicator scope,2016/17 end of year indicator comparator indicator date,2016/17 half year indicator comparator indicator value,2016/17 half year indicator comparator indicator scope,2016/17 half year indicator comparator indicator date,2016/17 end of year indicator national indicator value,2016/17 end of year indicator national indicator scope,2016/17 end of year indicator national indicator date,2016/17 half year indicator national indicator value,2016/17 half year indicator national indicator scope,2016/17 half year indicator national indicator date,Directionality,2016/17 end of year progress,2016/17 end of year target,2016/17 end of year target status
Globally connected - promoting the growth of a sustainable Coventry economy,Supporting businesses to grow,WORSE,TRUE,FALSE,FALSE, 1 ,Gross value added (£ per head),pounds,22427.00,Coventry,2014 revised,22165.00,Coventry,2015 provisional,N/A,N/A,N/A,20826.00,West Midlands Region,2015 provisional,N/A,N/A,N/A,26159.00,England,2015 provisional,N/A,N/A,N/A,High is good,Wrong direction,N/A,No Target Set
Globally connected - promoting the growth of a sustainable Coventry economy,Supporting businesses to grow,WORSE,TRUE,FALSE,FALSE, 2 ,Change in business rates tax base (index from 2002 base),number,132.74,Coventry,2013/14,132.30,Coventry,2014/15,N/A,N/A,N/A,130.79,CIPFA,2014/15,N/A,N/A,N/A,142.89,England,2014/15,N/A,N/A,N/A,High is good,Wrong direction,N/A,No Target Set
Globally connected - promoting the growth of a sustainable Coventry economy,Supporting businesses to grow,BETTER,TRUE,FALSE,FALSE, 3 ,Business rates collection rate,%,97.80,Coventry,2015/16,97.80,Coventry, 2016/17,55.38,Coventry,Apr-Sep 2016,97.40,Mets ,2016/17,N/A,N/A,N/A,N/A,N/A,N/A,N/A,N/A,N/A,High is good,Right direction,£297.5m,Off-target
Globally connected - promoting the growth of a sustainable Coventry economy,Supporting businesses to grow,BETTER,TRUE,FALSE,FALSE, 4 ,"Active enterprises rate per 10,000 population","rate per 10,000 population",326.00,Coventry,2015 revised,342.00,Coventry,2016,N/A,N/A,N/A,367.00,WMCA,2016,N/A,N/A,N/A,499.00,England,2016,N/A,N/A,N/A,High is good,Right direction,N/A,No Target Set
Globally connected - promoting the growth of a sustainable Coventry economy,Developing the city centre,WORSE,TRUE,FALSE,FALSE, 5 ,City centre footfall (year-on-year % change),%,1.30,Coventry,2015/16,-1.10,Coventry, 2016/17,-2.40,Coventry,Apr-Sep 2016,N/A,N/A,N/A,N/A,N/A,N/A,-2.60,UK Index ,2016/17,-2.20,UK Index ,Apr-Sep 2016,High is good,Wrong direction,N/A,No Target Set
Globally connected - promoting the growth of a sustainable Coventry economy,Raising the profile of Coventry,WORSE,TRUE,FALSE,FALSE, 6 ,Visitor trips,number,8217000.00,Coventry,2013,7973000.00,Coventry,2015,N/A,N/A,N/A,N/A,N/A,N/A,N/A,N/A,N/A,N/A,N/A,N/A,N/A,N/A,N/A,High is good,Wrong direction,N/A,No Target Set
Globally connected - promoting the growth of a sustainable Coventry economy,Helping local people into jobs,BETTER,TRUE,FALSE,FALSE, 7 ,Average resident employment rate,%,64.40,Coventry,Jan-Dec 2015,68.90,Coventry,Jan-Dec 2016,66.30,Coventry,Jul 2015-Jun 2016,71.10,West Midlands Region,Jan-Dec 2016,70.60,West Midlands Region,Jul 2015-Jun 2016,75.00,England,Jan-Dec 2016,74.00,England,Jul 2015-Jun 2016,High is good,Right direction,N/A,No Target Set
Globally connected - promoting the growth of a sustainable Coventry economy,Helping local people into jobs,BETTER,TRUE,FALSE,FALSE, 8 ,Unemployment rate (model-based),%,6.30,Coventry,Jan-Dec 2015,5.40,Coventry,Jan-Dec 2016,6.00,Coventry,Jul 2015-Jun 2016,5.50,West Midlands Region,Jan-Dec 2016,5.90,West Midlands Region,Jul 2015-Jun 2016,4.70,England,Jan-Dec 2016,5.10,England,Jul 2015-Jun 2016,Low is good,Right direction,N/A,No Target Set
Globally connected - promoting the growth of a sustainable Coventry economy,Helping local people into jobs,NA,TRUE,FALSE,TRUE, 9 ,"16-18 year olds not in education, employment or training (NEET)",%,4.70,Coventry,2015/16,3.00,Coventry,Mar 2017,N/A,N/A,N/A,3.60,Statistical Neighbours,Mar 2017,N/A,N/A,N/A,3.00,England,Mar 2017,N/A,N/A,N/A,Low is good,N/A,3.00%,On-target
Globally connected - promoting the growth of a sustainable Coventry economy,Helping local people into jobs,WORSE,TRUE,FALSE,FALSE, 10 ,18-24 year olds claiming jobseekers allowance,%,1.60,Coventry,Mar-16,1.80,Coventry,Mar 2017,1.80,Coventry,Sep 2016,3.50,West Midlands Region,Mar 2017,3.50,West Midlands Region,Sep-16,3.00,England,Mar 2017,2.90,England,Sep-16,Low is good,Wrong direction,N/A,No Target Set
Globally connected - promoting the growth of a sustainable Coventry economy,Helping local people into jobs,BETTER,TRUE,FALSE,FALSE, 11 ,Residents aged 16-64 qualified to NVQ level 4+,%,29.50,Coventry,"Jan-Dec
2015",33.70,Coventry,Jan-Dec 2016,N/A,N/A,N/A,31.50,West Midlands Region,Jan-Dec 2016,N/A,N/A,N/A,37.90,England,Jan-Dec 2016,N/A,N/A,N/A,High is good,Right direction,N/A,No Target Set
Globally connected - promoting the growth of a sustainable Coventry economy,Reducing the impact of poverty,EQUALS,TRUE,FALSE,TRUE, 12 ,Claimant count (seasonally-adjusted),%,1.90,Coventry,Mar-16,1.90,Coventry,Mar 2017,2.00,Coventry,Sep 2016,2.30,West Midlands Region,Mar 2017,2.40,West Midlands Region,Sep-16,1.90,UK,Mar 2017,1.90,UK,Sep-16,Low is good,Similar/unchanged,N/A,No Target Set
Globally connected - promoting the growth of a sustainable Coventry economy,Reducing the impact of poverty,BETTER,TRUE,FALSE,FALSE, 13 ,Median annual pay for residents (full-time),pounds,26913.00,Coventry,2015 revised,28043.00,Coventry,2016 provisional,N/A,N/A,N/A,26278.00,West Midlands Region,2016 provisional,N/A,N/A,N/A,28503.00,England,2016 provisional,N/A,N/A,N/A,High is good,Right direction,N/A,No Target Set
Globally connected - promoting the growth of a sustainable Coventry economy,Reducing the impact of poverty,BETTER,TRUE,FALSE,FALSE, 14 ,Median annual pay for residents,pounds,21905.00,Coventry,2015 revised,22319.00,Coventry,2016 provisional,N/A,N/A,N/A,21794.00,WMCA,2016 provisional,21794.00,WMCA,2016 provisional,23350.00,England,2016 provisional,N/A,N/A,N/A,High is good,Right direction,N/A,No Target Set
Globally connected - promoting the growth of a sustainable Coventry economy,Reducing the impact of poverty,EQUALS,TRUE,TRUE,TRUE, 15 ,Gap in the JSA claimant rate between the city's most affluent and deprived wards,%,3.20,Coventry,March 2016 revised,3.20,Coventry,Apr 2017,3.30,Coventry,Sep 2016,5.60,Wolverhampton,Apr 2017,N/A,N/A,N/A,N/A,N/A,N/A,N/A,N/A,N/A,Low is good,Similar/unchanged,N/A,No Target Set
Globally connected - promoting the growth of a sustainable Coventry economy,Reducing the impact of poverty,BETTER,TRUE,FALSE,FALSE, 16 ,Gross disposable household income,pounds,14371.00,Coventry,2014 revised,14527.00,Coventry,2015 provisional,N/A,N/A,N/A,16559.00,West Midlands Region,2015 provisional,N/A,N/A,N/A,19447.00,England,2015 provisional,N/A,N/A,N/A,High is good,Right direction,N/A,No Target Set
Globally connected - promoting the growth of a sustainable Coventry economy,"Supply, choice and quality of housing",BETTER,TRUE,FALSE,FALSE, 17 ,Change in Council tax base (index from 2009 base),number,105.45,Coventry,2015/16 revised,106.67,Coventry,2016/17,105.45,Coventry,2015/16 revised,106.63,CIPFA,2016/17,105.71,CIPFA,2015/16 revised,107.75,England,2016/17,106.65,England,2015/16 revised,High is good,Right direction,N/A,No Target Set
Globally connected - promoting the growth of a sustainable Coventry economy,"Supply, choice and quality of housing",BETTER,TRUE,FALSE,FALSE, 18 ,Council tax collectable value ,millions of pounds,120.21,Coventry,31-Mar-16,130.48,Coventry,31-Mar-17,132.14,Coventry,Sep 2016,N/A,N/A,N/A,N/A,N/A,N/A,N/A,N/A,N/A,N/A,N/A,N/A,High is good,Right direction,N/A,No Target Set
Globally connected - promoting the growth of a sustainable Coventry economy,"Supply, choice and quality of housing",BETTER,TRUE,FALSE,FALSE, 19 ,Properties in higher Council Tax bands (C to H) %,%,29.20,Coventry,31-Mar-16,29.44,Coventry,31-Mar-17,29.36,Coventry,Sep 2016,35.23,WMCA,31-Mar-15,35.23,WMCA,31-Mar-15,55.74,England,31-Mar-15,55.74,England,31-Mar-15,High is good,Right direction,N/A,No Target Set
Globally connected - promoting the growth of a sustainable Coventry economy,"Supply, choice and quality of housing",EQUALS,TRUE,FALSE,FALSE, 20 ,Council Tax collection rate,%,95.80,Coventry,2015/16,95.80,Coventry,2016/17,55.40,Coventry,Apr-Sep 2016,95.40,Mets ,2016/17,N/A,N/A,N/A,N/A,N/A,N/A,N/A,N/A,N/A,High is good,Similar/unchanged,96,Off-target
Locally committed - improving the quality of life for Coventry people,"Create an attractive, cleaner & greener city",EQUALS,TRUE,FALSE,FALSE, 21 ,Roads and footways in a good/acceptable condition...principal roads (A roads),%,99.00,Coventry,2015/16,99.00,Coventry,2016/17,N/A,N/A,N/A,N/A,N/A,N/A,N/A,N/A,N/A,N/A,N/A,N/A,N/A,N/A,N/A,High is good,Similar/unchanged,95,On-target
Locally committed - improving the quality of life for Coventry people,"Create an attractive, cleaner & greener city",EQUALS,TRUE,FALSE,FALSE, 22 ,Roads and footways in a good/acceptable condition...non-principal roads (B & C roads),%,98.00,Coventry,2015/16,98.00,Coventry,2016/17,N/A,N/A,N/A,N/A,N/A,N/A,N/A,N/A,N/A,N/A,N/A,N/A,N/A,N/A,N/A,High is good,Similar/unchanged,95,On-target
Locally committed - improving the quality of life for Coventry people,"Create an attractive, cleaner & greener city",EQUALS,TRUE,FALSE,FALSE, 23 ,Roads and footways in a good/acceptable condition...unclassified roads,%,80.00,Coventry,2015/16,80.00,Coventry,2016/17,N/A,N/A,N/A,N/A,N/A,N/A,N/A,N/A,N/A,N/A,N/A,N/A,N/A,N/A,N/A,High is good,Similar/unchanged,80,On-target
Locally committed - improving the quality of life for Coventry people,"Create an attractive, cleaner & greener city",EQUALS,TRUE,FALSE,FALSE, 24 ,Roads and footways in a good/acceptable condition...footways,%,36.00,Coventry,2015/16,36.00,Coventry,N/A,N/A,N/A,N/A,N/A,N/A,N/A,N/A,N/A,N/A,N/A,N/A,N/A,N/A,N/A,N/A,High is good,Similar/unchanged,38,Off-target
Locally committed - improving the quality of life for Coventry people,"Create an attractive, cleaner & greener city",WORSE,TRUE,FALSE,FALSE, 25 ,Fly tips reported in the city,number,2316.00,Coventry,2015/16,3342.00,Coventry, 2016/17,1505.00,Coventry,Apr-Sep 2016,N/A,N/A,N/A,N/A,N/A,N/A,N/A,N/A,N/A,N/A,N/A,N/A,Low is good,Wrong direction,2200,Off-target
Locally committed - improving the quality of life for Coventry people,"Create an attractive, cleaner & greener city",WORSE,TRUE,FALSE,FALSE, 26 ,Household waste recycled and composted,%,30.30,Coventry,2015/16,29.90,Coventry, 2016/17 provisional,34.20,Coventry,Jul-Sep 2016,44.00,West Midlands Region,2015/16,N/A,N/A,N/A,43.00,England,2015/16,N/A,N/A,N/A,High is good,Wrong direction,50 by 2020,Off-target
Locally committed - improving the quality of life for Coventry people,Make communities safer,WORSE,TRUE,FALSE,FALSE, 27 ,"Crime rate per 1,000 population","rate 1,000 population",61.50,Coventry,2015/16 refreshed,66.30,Coventry, 2016/17,64.50,Coventry,Apr-Sep 2016,74.10,Wolverhampton,2016/17,N/A,N/A,N/A,N/A,N/A,N/A,N/A,N/A,N/A,Low is good,Wrong direction,N/A,No Target Set
Locally committed - improving the quality of life for Coventry people,Make communities safer,WORSE,TRUE,FALSE,FALSE, 28 ,First time entrants to youth justice system,"rate per 100,0000 population 10-17",399.00,Coventry,2015/16,432.00,Coventry,2016/17,415.00,Coventry,Oct 15-Sep 16,422.00,Family Group Average,2015/16,N/A,N/A,N/A,N/A,N/A,N/A,N/A,N/A,N/A,Low is good,Wrong direction,N/A,No Target Set
Locally committed - improving the quality of life for Coventry people,Make communities safer,CANT SAY,TRUE,TRUE,FALSE, 29 ,Domestic violence (crime and non crime) offences known to the police,number,5972.00,Coventry,2015/16,5771.00,Coventry,2016/17,3178.00,Coventry,Apr-Sep 2016,N/A,N/A,N/A,N/A,N/A,N/A,N/A,N/A,N/A,N/A,N/A,N/A,N/A,Can't say,N/A,Target not applicable
Locally committed - improving the quality of life for Coventry people,Make communities safer,BETTER,TRUE,FALSE,FALSE, 30 ,Repeat victims of domestic violence reported,%,9.50,Coventry,2015/16,6.70,Coventry,2016/17,4.10,Coventry,Apr-Sep 2016,N/A,N/A,N/A,N/A,N/A,N/A,N/A,N/A,N/A,N/A,N/A,N/A,Low is good,Right direction,N/A,No Target Set
Locally committed - improving the quality of life for Coventry people,Improving educational outcomes,BETTER,TRUE,FALSE,FALSE, 31 ,Primary schools judged as good/outstanding by Ofsted,%,86.00,Coventry,Mar-16,94.00,Coventry,Mar 2017,94.00,Coventry,Oct-16,87.00,Statistical Neighbours,Mar 2017,84.00,Statistical Neighbours,Oct-16,89.00,England,Mar 2017,89.00,England,Oct-16,High is good,Right direction,89,On-target
Locally committed - improving the quality of life for Coventry people,Improving educational outcomes,BETTER,TRUE,FALSE,FALSE, 32 ,Secondary schools judged as good/outstanding by Ofsted,%,57.00,Coventry,Mar-16,74.00,Coventry,Mar 2017,68.00,Coventry,Oct-16,76.00,Statistical Neighbours,Mar 2017,78.00,Statistical Neighbours,Oct-16,82.00,England,Mar 2017,81.00,England,Oct-16,High is good,Right direction,82,Off-target
Locally committed - improving the quality of life for Coventry people,Improving educational outcomes,NA,TRUE,FALSE,TRUE, 33 ,"Key Stage 2: expected standard in reading, writing & maths",%,New Indicator,N/A,N/A,49.00,Coventry,2016,49.00,Coventry,2016,50.00,Statistical Neighbours,2016,48.00,Statistical Neighbours,2016 provisional,53.00,England,2016,53.00,England,2016 provisional,High is good,N/A,53,Off-target
Locally committed - improving the quality of life for Coventry people,Improving educational outcomes,BETTER,TRUE,FALSE,TRUE, 34 ,Key Stage 4: Attainment 8,average score,46.20,Coventry,2015 revised,48.10,Coventry,2016,47.90,Coventry,2016,47.90,Statistical Neighbours,2016,47.70,Statistical Neighbours,2016 provisional,49.90,England,2016,49.80,England,2016,High is good,Right direction,"49.9+
",Off-target
Locally committed - improving the quality of life for Coventry people,Improving educational outcomes,WORSE,TRUE,FALSE,TRUE, 35 ,Key Stage 4: Progress 8,relative measure difference ,0.03,Coventry,2015,-0.05,Coventry,2016,-0.04,Coventry,2016,-0.11,Statistical Neighbours,2016,-0.11,Statistical Neighbours,2016 provisional,-0.03,England,2016,-0.03,England,2016 provisional,High is good,Wrong direction,0+,Off-target
Locally committed - improving the quality of life for Coventry people,Improving educational outcomes,NA,TRUE,FALSE,FALSE, 36 ,Key Stage 4: Basics A*-C English and Maths,%,New Indicator,N/A,N/A,61.00,Coventry,2016,61.00,Coventry,2016,59.00,Statistical Neighbours,2016,N/A,N/A,N/A,63.00,England,2016,62.00,England,2016 provisional,High is good,N/A,63+,Off-target
Locally committed - improving the quality of life for Coventry people,Improving educational outcomes,NA,TRUE,FALSE,FALSE, 37 ,Key Stage 5: Level 3 average point score A Level entry ,average score,New Indicator,N/A,N/A,28.29,Coventry,2016,N/A,N/A,N/A,27.94,Statistical Neighbours,2016,N/A,N/A,N/A,30.45,England,2016,N/A,N/A,N/A,High is good,N/A,30+,Off-target
Locally committed - improving the quality of life for Coventry people,Improving educational outcomes,NA,TRUE,FALSE,FALSE, 38 ,Key Stage 5: Level 3 average point score Tech Level entry ,average score,New Indicator,N/A,N/A,28.63,Coventry,2016,N/A,N/A,N/A,30.82,Statistical Neighbours,2016,N/A,N/A,N/A,30.77,England,2016,N/A,N/A,N/A,High is good,N/A,31+,Off-target
Locally committed - improving the quality of life for Coventry people,Improving educational outcomes,NA,TRUE,FALSE,FALSE, 39 ,Key Stage 5: Level 3 average point score per general applied entry,average score,New Indicator,N/A,N/A,35.08,Coventry,2016,N/A,N/A,N/A,34.41,Statistical Neighbours,2016,N/A,N/A,N/A,34.67,England,2016,N/A,N/A,N/A,High is good,N/A,35+,On-target
Locally committed - improving the quality of life for Coventry people,Improve health and wellbeing,BETTER,TRUE,FALSE,FALSE, 40 ,Adults achieving 150 minutes of physical activity per week,%,55.40,Coventry,2014,58.80,Coventry,2015,N/A,N/A,N/A,55.10,West Midlands Region,2015,N/A,N/A,N/A,57.00,England,2015,N/A,N/A,N/A,High is good,Right direction,N/A,No Target Set
Locally committed - improving the quality of life for Coventry people,Improve health and wellbeing,WORSE,TRUE,FALSE,FALSE, 41 ,Smoking prevalence in adults: current smokers,%,15.80,Coventry,2014 revised,16.60,Coventry,2015,N/A,N/A,N/A,15.70,West Midlands Region,2015,N/A,N/A,N/A,16.90,England,2015,N/A,N/A,N/A,Low is good,Wrong direction,N/A,No Target Set
Locally committed - improving the quality of life for Coventry people,Improve health and wellbeing,WORSE,TRUE,FALSE,FALSE, 42 ,"Smoking quitters at four weeks (rate per 100,000 smokers)","rate per 100,000 smokers ",4493.00,Coventry,2015/16,4280.00,Coventry,2016/17,N/A,N/A,N/A,3522.00,West Midlands Region,2015/16,N/A,N/A,N/A,2598.00,England,2015/16,N/A,N/A,N/A,High is good,Wrong direction,N/A,No Target Set
Locally committed - improving the quality of life for Coventry people,Improve health and wellbeing,WORSE,TRUE,FALSE,FALSE, 43 ,"Hospital admissions caused by injuries in children 0-14 per 10,000","rate per 10,000",149.90,Coventry,2014/15,173.20,Coventry,2015/16,N/A,N/A,N/A,110.40,West Midlands Region,2015/16,N/A,N/A,N/A,104.20,England,2015/16,N/A,N/A,N/A,Low is good,Wrong direction,N/A,No Target Set
Locally committed - improving the quality of life for Coventry people,Improve health and wellbeing,BETTER,TRUE,TRUE,FALSE, 44 ,"Conceptions to girls aged under 18 (rate per 1,000 girls aged 15-17)","rate per 1,000 girls aged 15-17",33.80,Coventry,2014,29.90,Coventry,2015,N/A,N/A,N/A,23.70,West Midlands Region,2015,N/A,N/A,N/A,20.80,England,2015,N/A,N/A,N/A,Low is good,Right direction,N/A,No Target Set
Locally committed - improving the quality of life for Coventry people,Protecting our most vulnerable people,BETTER,TRUE,FALSE,TRUE, 45 ,Good level of development at age 5,%,63.90,Coventry,2015,65.40,Coventry,2016,N/A,N/A,N/A,66.40,Statistical Neighbours,2016,N/A,N/A,N/A,69.30,England,2016,N/A,N/A,N/A,High is good,Right direction,69.3,Off-target
Locally committed - improving the quality of life for Coventry people,Protecting our most vulnerable people,BETTER,TRUE,TRUE,TRUE, 46 ,Gap (in the good level of development at age 5) between the lowest achieving 20% and the rest,%,36.00,Coventry,2015,35.10,Coventry,2016,N/A,N/A,N/A,35.60,Statistical Neighbours,2016,N/A,N/A,N/A,31.40,England,2016,N/A,N/A,N/A,Low is good,Right direction,31.4,Off-target
Locally committed - improving the quality of life for Coventry people,Protecting our most vulnerable people,EQUALS,TRUE,FALSE,FALSE, 47 ,"Looked after children rate per 10,000 ","rate per 10,000 population under 18",78.30,Coventry,Mar-16,83.10,Coventry,March 2017 provisional,78.00,Coventry,Sep 2016,73.20,West Midlands Region,2015/16,N/A,N/A,N/A,60.30,England,2015/16,N/A,N/A,N/A,Low is good,Similar/unchanged,>580 and <630 children,On-target
Locally committed - improving the quality of life for Coventry people,Protecting our most vulnerable people,BETTER,TRUE,FALSE,FALSE, 48 ,Repeat referrals to children's social care,%,28.70,Coventry,2015/16,23.90,Coventry,March 2017 provisional,27.40,Coventry,Apr-Sep 2016,20.20,West Midlands Region,2015/16,N/A,N/A,N/A,22.30,England,2015/16,N/A,N/A,N/A,Low is good,Right direction,<15,Off-target
Locally committed - improving the quality of life for Coventry people,Protecting our most vulnerable people,BETTER,TRUE,FALSE,FALSE, 49 ,Looked after children % of children with three or more placements in the previous 12 months,%,14.10,Coventry,2015/16,11.50,Coventry,2016/17 provisional,11.90,Coventry,Apr-Sep 2016,N/A,N/A,N/A,N/A,N/A,N/A,10.00,England,2015/16,N/A,N/A,N/A,Low is good,Right direction,<10,Off-target
Locally committed - improving the quality of life for Coventry people,Protecting our most vulnerable people,BETTER,TRUE,FALSE,FALSE, 50 ,Common assessment framework assessments closed with all actions complete,%,68.80,Coventry,2015/16,70.70,Coventry,2016/17 provisional,68.70,Coventry,Apr-Sep 2016,N/A,N/A,N/A,N/A,N/A,N/A,N/A,N/A,N/A,N/A,N/A,N/A,High is good,Right direction,>70,On-target
Locally committed - improving the quality of life for Coventry people,Protecting our most vulnerable people,CANT SAY,TRUE,TRUE,FALSE, 51 ,Households accepted as statutory homeless (in priority need),number,533.00,Coventry,2015/16,653.00,Coventry,2016/17,311.00,Coventry,Apr-Sep 2016,N/A,N/A,N/A,N/A,N/A,N/A,N/A,N/A,N/A,N/A,N/A,N/A,N/A,Can't say,N/A,Target not applicable
Locally committed - improving the quality of life for Coventry people,Protecting our most vulnerable people,CANT SAY,TRUE,TRUE,FALSE, 52 ,Homelessness cases prevented and relieved,number,1536.00,Coventry,2015/16,1015.00,Coventry,2016/17,500.00,Coventry,Apr-Sep 2016,N/A,N/A,N/A,N/A,N/A,N/A,N/A,N/A,N/A,N/A,N/A,N/A,N/A,Can't say,N/A,Target not applicable
Locally committed - improving the quality of life for Coventry people,Protecting our most vulnerable people,BETTER,TRUE,FALSE,FALSE, 53 ,Adults using social care who receive self-directed support,%,80.00,Coventry,Mar-16,88.00,Coventry,March 2017 provisional ,88.00,Coventry,Sep 2016,91.40,CIPFA,2015/16,N/A,N/A,N/A,88.20,England,Mar 2016,N/A,N/A,N/A,High is good,Right direction,90,Off-target
Locally committed - improving the quality of life for Coventry people,Protecting our most vulnerable people,BETTER,TRUE,FALSE,FALSE, 54 ,Adults using social care who receive direct payments,%,21.00,Coventry,Mar-16,24.00,Coventry,March 2017 provisional,24.00,Coventry,Sep 2016,29.00,CIPFA,2015/16,29.00,N/A,N/A,28.00,England,2015/16,N/A,N/A,N/A,High is good,Right direction,21,On-target
Locally committed - improving the quality of life for Coventry people,Protecting our most vulnerable people,CANT SAY,TRUE,FALSE,FALSE, 55 ,"Adult safeguarding (rate of S42 enquiries per 100,000 population)","rate per 100,000 population",357.00,Coventry,2015/16,326.00,Coventry,2016/17 provisional,332.00,Coventry,Apr-Sep 2016,290.00,West Midlands Region,2015/16,N/A,N/A,N/A,239.00,England,2015/16,N/A,N/A,N/A,N/A,Can't say,N/A,Target not applicable
Locally committed - improving the quality of life for Coventry people,Protecting our most vulnerable people,BETTER,TRUE,FALSE,FALSE, 56 ,Regulated adult social care services rated as inadequate,%,3.00,Coventry,31-Mar-16,1.00,Coventry,31-Mar-17,0.00,Coventry,30-Sep-16,N/A,N/A,N/A,N/A,N/A,N/A,N/A,N/A,N/A,N/A,N/A,N/A,Low is good,Right direction,<=3,On-target
Locally committed - improving the quality of life for Coventry people,Protecting our most vulnerable people,EQUALS,TRUE,FALSE,FALSE, 57 ,"Adult social care service users receiving long term on-going support - rate per 100,000","rate per 100,000 population ",1343.00,Coventry,31-Mar-16,1269.00,Coventry,31/03/2017 provisional,1266.00,Coventry,30-Sep-16,1386.00,CIPFA,2015/16,N/A,N/A,N/A,1716.00,England,2015/16,N/A,N/A,N/A,N/A,Similar/unchanged,>3400 and <3800 people,On-target
Locally committed - improving the quality of life for Coventry people,Protecting our most vulnerable people,BETTER,TRUE,FALSE,FALSE, 58 ,Proportion of adult social care service users who feel safe,%,70.00,Coventry,2015/16,75.00,Coventry,2016/17 provisional,N/A,N/A,N/A,68.70,CIPFA,2015/16 revised,N/A,N/A,N/A,68.80,England,2015/16 revised,N/A,N/A,N/A,High is good,Right direction,68,On-target
Locally committed - improving the quality of life for Coventry people,Protecting our most vulnerable people,EQUALS,TRUE,FALSE,FALSE, 59 ,"Adults who contacted adult social care this year who were not previously receiving services - rate per 100,000","rate per 100,000",3440.00,Coventry,2015/16 revised,3496.00,Coventry,2016/17,2484.00,Coventry,Apr-Sep 2016,5215.00,CIPFA,2015/16,N/A,N/A,N/A,4200.00,England,2015/16,N/A,N/A,N/A,N/A,Similar/unchanged,>9000 and <10000 people,On-target
Locally committed - improving the quality of life for Coventry people,Improve health and wellbeing,NA,TRUE,FALSE,FALSE, 60 ,Breastfeeding rates at 6-8 weeks,%,NA,Coventry,2015/16 failed validation test,49.40,Coventry,Jul-Sep 2016,48.30,Coventry,Apr-Jun 2016,N/A,West Midlands Region,2016/17 failed validation test,N/A,N/A,N/A,44.40,England,Jul-Sep 2016,44.70,England,Apr-Jun 2016,High is good,N/A,N/A,No Target Set
Locally committed - improving the quality of life for Coventry people,Improve health and wellbeing,EQUALS,TRUE,FALSE,FALSE, 61 ,Male healthy life expectancy at birth,years,61.30,Coventry,2012-14 revised,62.90,Coventry,2013-15,N/A,N/A,N/A,62.40,West Midlands Region,2013-15,62.40,West Midlands Region,2012-14,63.40,England,2013-15,63.40,England,2012-14,High is good,Similar/unchanged,N/A,No Target Set
Locally committed - improving the quality of life for Coventry people,Improve health and wellbeing,EQUALS,TRUE,FALSE,FALSE, 62 ,Female healthy life expectancy at birth,years,63.40,Coventry,2012-14 revised,63.80,Coventry,2013-15,N/A,N/A,N/A,63.20,West Midlands Region,2013-15,62.50,West Midlands Region,2012-14,64.10,England,2013-15,64.00,England,2012-14,High is good,Similar/unchanged,N/A,No Target Set
Delivering our priorities with fewer resources,Making the most of our assets,BETTER,TRUE,FALSE,FALSE, 63 ,Carbon dioxide emissions from local authority operations,tonnes,16368.00,Coventry,2015/16 actual,15550.00,Coventry,2016/17,N/A,N/A,N/A,N/A,N/A,N/A,N/A,N/A,N/A,N/A,N/A,N/A,N/A,N/A,N/A,Low is good,Right direction,-35% by 2020,On-target
Delivering our priorities with fewer resources,Making the most of our assets,BETTER,TRUE,FALSE,FALSE, 64 ,"Core employee headcount (full-time equivalents, fte)",full-time equivalents,4242.05,Coventry,Mar-16,4108.31,Coventry,Mar 2017,4163.65,Coventry,Sep 2016,N/A,N/A,N/A,N/A,N/A,N/A,N/A,N/A,N/A,N/A,N/A,N/A,Low is good,Right direction,N/A,No Target Set
Delivering our priorities with fewer resources,Making the most of our assets,WORSE,TRUE,TRUE,FALSE, 65 ,Council staff sickness absence,days per full-time equivalent,8.51,Coventry,2015/16,8.64,Coventry,2016/17,3.74,Coventry,Apr-Sep 2016,N/A,N/A,N/A,N/A,N/A,N/A,N/A,N/A,N/A,N/A,N/A,N/A,Low is good,Wrong direction,8,Off-target
Delivering our priorities with fewer resources,Making the most of our assets,BETTER,TRUE,FALSE,FALSE, 66 ,External funding attracted,millions of pounds,46.80,Coventry,2015/16,54.40,Coventry,2016/17,17.80,Coventry,Apr-Sep 2016,N/A,N/A,N/A,N/A,N/A,N/A,N/A,N/A,N/A,N/A,N/A,N/A,High is good,Right direction,17.8,On-target
Delivering our priorities with fewer resources,Making the most of our assets,BETTER,TRUE,FALSE,FALSE, 67 ,Transactions done online,%,20.00,Coventry,2015/16,28.00,Coventry,2016/17,28.00,Coventry,Apr-Sep 2016,N/A,N/A,N/A,N/A,N/A,N/A,N/A,N/A,N/A,N/A,N/A,N/A,High is good,Right direction,35,Off-target
Delivering our priorities with fewer resources,Making the most of our assets,BETTER,TRUE,FALSE,FALSE, 68 ,Reduction in face to face and telephone contact,%,24.00,Coventry,2015/16,30.00,Coventry,2016/17,25.00,Coventry,Apr-Sep 2016,N/A,N/A,N/A,N/A,N/A,N/A,N/A,N/A,N/A,N/A,N/A,N/A,High is good,Right direction,30,On-target
Delivering our priorities with fewer resources,Active communities & empowered citizens,NA,FALSE,TRUE,FALSE,,Residents who trust the Council a fair amount/a great deal,%,New Flash Fact,N/A,N/A,69.00,Coventry,2016,69.00,Coventry,2016,N/A,N/A,N/A,N/A,N/A,N/A,58.00,LGA Benchmark,2015,58.00,LGA Benchmark,2015,High is good,,,
Delivering our priorities with fewer resources,Active communities & empowered citizens,NA,FALSE,TRUE,FALSE,,Residents who are fairly/very satisfied with the Council,%,New Flash Fact,N/A,N/A,61.00,Coventry,2016,61.00,Coventry,2016,N/A,N/A,N/A,N/A,N/A,N/A,67.00,LGA Benchmark,2015,67.00,LGA Benchmark,2015,High is good,,,
Delivering our priorities with fewer resources,Making the most of our assets,NA,FALSE,FALSE,TRUE,,Relevant Council decisions which consider Marmot implications,%,0.00,Coventry,2015/16,100.00,Coventry,2016/17,100.00,Coventry,Apr-Sep 2016,N/A,N/A,N/A,N/A,N/A,N/A,N/A,N/A,N/A,N/A,N/A,N/A,High is good,N/A,30,On-target
Delivering our priorities with fewer resources,Making the most of our assets,CANT SAY,FALSE,TRUE,FALSE,,Council employees who have declared a disability,%,5.40,Coventry,Mar-16,5.20,Coventry,Mar 2017,5.30,Coventry,Oct-16,N/A,N/A,N/A,N/A,N/A,N/A,N/A,N/A,N/A,N/A,N/A,N/A,N/A,Can't say,N/A,Target not applicable
Delivering our priorities with fewer resources,Making the most of our assets,CANT SAY,FALSE,TRUE,FALSE,,BME representation at senior management (above Grade 10) %,%,8.90,Coventry,Mar-16,7.40,Coventry,Mar 2017,7.75,Coventry,Oct-16,N/A,N/A,N/A,N/A,N/A,N/A,N/A,N/A,N/A,N/A,N/A,N/A,N/A,Can't say,N/A,Target not applicable
Delivering our priorities with fewer resources,Making the most of our assets,CANT SAY,FALSE,TRUE,FALSE,,Council employees who are from BME communities %,%,16.11,Coventry,Mar-16,15.40,Coventry,Mar 2017,15.77,Coventry,Oct-16,N/A,N/A,N/A,N/A,N/A,N/A,N/A,N/A,N/A,N/A,N/A,N/A,N/A,Can't say,N/A,Target not applicable
Delivering our priorities with fewer resources,Making the most of our assets,CANT SAY,FALSE,TRUE,FALSE,,Council senior managers (above Grade 10) who are female %,%,53.23,Coventry,Mar-16,56.60,Coventry,Mar 2017,56.59,Coventry,Oct-16,N/A,N/A,N/A,N/A,N/A,N/A,N/A,N/A,N/A,N/A,N/A,N/A,N/A,Can't say,N/A,Target not applicable
Delivering our priorities with fewer resources,Making the most of our assets,CANT SAY,FALSE,TRUE,FALSE,,Council employees who are female %,%,69.50,Coventry,Mar-16,69.40,Coventry,Mar 2017,69.18,Coventry,Oct-16,N/A,N/A,N/A,N/A,N/A,N/A,N/A,N/A,N/A,N/A,N/A,N/A,N/A,Can't say,N/A,Target not applicable
Delivering our priorities with fewer resources,Making the most of our assets,CANT SAY,FALSE,TRUE,FALSE,,Council employees (number of contracts),number,5331.00,Coventry,Mar-16,5144.00,Coventry,Mar 2017,5262.00,Coventry,Oct-16,N/A,N/A,N/A,N/A,N/A,N/A,N/A,N/A,N/A,N/A,N/A,N/A,N/A,Can't say,N/A,Target not applicable
Delivering our priorities with fewer resources,Making the most of our assets,CANT SAY,FALSE,TRUE,FALSE,,BME representation at senior management (above Grade 10) number,number,9.00,Coventry,Mar-16,9.00,Coventry,Mar 2017,10.00,Coventry,Oct-16,N/A,N/A,N/A,N/A,N/A,N/A,N/A,N/A,N/A,N/A,N/A,N/A,N/A,,,
Delivering our priorities with fewer resources,Making the most of our assets,CANT SAY,FALSE,TRUE,FALSE,,Council senior managers (above Grade 10) who are female number,number,66.00,Coventry,Mar-16,69.00,Coventry,Mar 2017,73.00,Coventry,Oct-16,N/A,N/A,N/A,N/A,N/A,N/A,N/A,N/A,N/A,N/A,N/A,N/A,N/A,,,
Delivering our priorities with fewer resources,Making the most of our assets,CANT SAY,FALSE,TRUE,FALSE,,Council employees who have declared a disability,number,288.00,Coventry,Mar-16,268.00,Coventry,Mar 2017,278.00,Coventry,Oct-16,N/A,N/A,N/A,N/A,N/A,N/A,N/A,N/A,N/A,N/A,N/A,N/A,N/A,,,
Delivering our priorities with fewer resources,Making the most of our assets,CANT SAY,FALSE,TRUE,FALSE,,Council employees who are from BME communities number,number,859.00,Coventry,Mar-16,794.00,Coventry,Mar 2017,830.00,Coventry,Oct-16,N/A,N/A,N/A,N/A,N/A,N/A,N/A,N/A,N/A,N/A,N/A,N/A,N/A,,,
Delivering our priorities with fewer resources,Making the most of our assets,CANT SAY,FALSE,TRUE,FALSE,,Council employees who are female number,number,3705.00,Coventry,Mar-16,3571.00,Coventry,Mar 2017,3640.00,Coventry,Oct-16,N/A,N/A,N/A,N/A,N/A,N/A,N/A,N/A,N/A,N/A,N/A,N/A,N/A,,,
Globally connected - promoting the growth of a sustainable Coventry economy,Helping local people into jobs,WORSE,FALSE,FALSE,TRUE,,Workplaces signed up to workplace wellbeing charter,number,25.00,Coventry,2015/16,13.00,Coventry,2016/17,7.00,Coventry,Apr-Sep 2016,N/A,N/A,N/A,N/A,N/A,N/A,N/A,N/A,N/A,N/A,N/A,N/A,High is good,Wrong direction,41,Off-target
Globally connected - promoting the growth of a sustainable Coventry economy,Helping local people into jobs,WORSE,FALSE,FALSE,TRUE,,People supported into employment by the job shop,number,1844.00,Coventry,2015/16,1641.00,Coventry,2016/17,672.00,Coventry,Apr-Sep 2016,N/A,N/A,N/A,N/A,N/A,N/A,N/A,N/A,N/A,N/A,N/A,N/A,High is good,Wrong direction,2000,Off-target
Globally connected - promoting the growth of a sustainable Coventry economy,Helping local people into jobs,BETTER,FALSE,FALSE,TRUE,,People recorded as unfit for work claiming employment and support allowance,%,6.80,Coventry,2015/16,6.50,Coventry,2016/17,N/A,N/A,N/A,N/A,N/A,N/A,N/A,N/A,N/A,N/A,N/A,N/A,N/A,N/A,N/A,Low is good,Right direction,6.5,On-target
Globally connected - promoting the growth of a sustainable Coventry economy,Helping local people into jobs,BETTER,FALSE,FALSE,TRUE,,Gap in resident employment rate between those with a health condition and the average,%,30.50,Coventry,2015/16,24.00,Coventry,2016/17,N/A,N/A,N/A,N/A,N/A,N/A,N/A,N/A,N/A,N/A,N/A,N/A,N/A,N/A,N/A,Low is good,Right direction,29,On-target
Globally connected - promoting the growth of a sustainable Coventry economy,Helping local people into jobs,NA,FALSE,TRUE,TRUE,,Young people with disabilities or health problems accessing coaches,number,New Indicator,N/A,N/A,257.00,Coventry,2016/17,87.00,Coventry,Apr-Sep 2016,N/A,N/A,N/A,N/A,N/A,N/A,N/A,N/A,N/A,N/A,N/A,N/A,High is good,N/A,93,On-target
Globally connected - promoting the growth of a sustainable Coventry economy,Helping local people into jobs,NA,FALSE,TRUE,TRUE,,"Young people supported by coaches into employment, education or training",number,New Indicator,N/A,N/A,558.00,Coventry,2016/17,172.00,Coventry,Apr-Sep 2016,N/A,N/A,N/A,N/A,N/A,N/A,N/A,N/A,N/A,N/A,N/A,N/A,High is good,N/A,232,On-target
Globally connected - promoting the growth of a sustainable Coventry economy,Helping local people into jobs,NA,FALSE,FALSE,TRUE,,"Number of of 16-24 year olds not in education, employment or training who are supported by the Ambition Coventry programme",number,New Indicator,N/A,N/A,806.00,Coventry,2016/17,N/A,N/A,N/A,N/A,N/A,N/A,N/A,N/A,N/A,N/A,N/A,N/A,N/A,N/A,N/A,High is good,N/A,401,On-target
Globally connected - promoting the growth of a sustainable Coventry economy,Helping local people into jobs,BETTER,FALSE,FALSE,TRUE,,Average earnings of those living in the city compared with average earnings of those working in the city,pounds,506.20,Coventry,2015,539.00,Coventry,2016,N/A,N/A,N/A,N/A,N/A,N/A,N/A,N/A,N/A,N/A,N/A,N/A,N/A,N/A,N/A,High is good,Right direction,516.2,On-target
Globally connected - promoting the growth of a sustainable Coventry economy,Helping local people into jobs,NA,FALSE,FALSE,TRUE,,Number of interactions and engagements with businesses to improve employment practices (Chamber of Commerce),number,New Indicator,N/A,N/A,2220.00,Coventry and Warwickshire,2016/17,N/A,N/A,N/A,N/A,N/A,N/A,N/A,N/A,N/A,N/A,N/A,N/A,N/A,N/A,N/A,High is good,N/A,1000,On-target
Globally connected - promoting the growth of a sustainable Coventry economy,"Supply, choice and quality of housing",NA,FALSE,FALSE,FALSE,,Properties in higher Council Tax bands (C to H) number,number,40639.00,Coventry,31-Mar-16,41370.00,Coventry,Mar 2017,41158.00,Coventry,Sep 2016,N/A,N/A,N/A,N/A,N/A,N/A,N/A,N/A,N/A,N/A,N/A,N/A,High is good,,,
Globally connected - promoting the growth of a sustainable Coventry economy,"Supply, choice and quality of housing",NA,FALSE,FALSE,FALSE,,Council Tax collectable (number of properties),number,139179.00,Coventry,31-Mar-16,140507.00,Coventry,31-Mar-17,140171.00,Coventry,Sep 2016,N/A,N/A,N/A,N/A,N/A,N/A,N/A,N/A,N/A,N/A,N/A,N/A,High is good,,,
Globally connected - promoting the growth of a sustainable Coventry economy,Supporting businesses to grow,EQUALS,FALSE,FALSE,FALSE,,Business rates collectable value ,pounds,300.0m,Coventry,2015/16,300.70,Coventry, 2016/17,300.0m,Coventry,Apr-Sep 2016,N/A,N/A,N/A,N/A,N/A,N/A,N/A,N/A,N/A,N/A,N/A,N/A,High is good,Similar/unchanged,297.5,Off-target
Globally connected - promoting the growth of a sustainable Coventry economy,Supporting businesses to grow,BETTER,FALSE,FALSE,FALSE,,Active enterprises number,number,8835.00,Coventry,2015 revised,9505.00,Coventry,2016,N/A,N/A,N/A,N/A,N/A,N/A,N/A,N/A,N/A,N/A,N/A,N/A,N/A,N/A,N/A,High is good,,,
Locally committed - improving the quality of life for Coventry people,Improve health and wellbeing,BETTER,FALSE,TRUE,FALSE,,Emergency hospital admissions resulting from self-harm and abuse,"rate per 100,000",551.90,Coventry,2014/15,525.20,Coventry,2015/16,N/A,N/A,N/A,443.30,West Midlands Region,2015/16,N/A,N/A,N/A,430.50,England,2015/16,N/A,N/A,N/A,Low is good,Right direction,N/A,No Target Set
Locally committed - improving the quality of life for Coventry people,Improve health and wellbeing,NA,FALSE,FALSE,FALSE,,Smoking quitters at four weeks (number of quitters),number,2075.00,Coventry,2015/16,1927.00,Coventry,2016/17,N/A,N/A,N/A,N/A,N/A,N/A,N/A,N/A,N/A,N/A,N/A,N/A,N/A,N/A,N/A,High is good,,,
Locally committed - improving the quality of life for Coventry people,Improve health and wellbeing,NA,FALSE,FALSE,FALSE,,Emergency hospital admissions resulting from self-harm and abuse,number,404.00,Coventry,2014/15,389.00,Coventry,2015/16,N/A,N/A,N/A,N/A,N/A,N/A,N/A,N/A,N/A,N/A,N/A,N/A,N/A,N/A,N/A,Low is good,,,
Locally committed - improving the quality of life for Coventry people,Improve health and wellbeing,NA,FALSE,FALSE,FALSE,,Hospital admissions caused by injuries in children 0-14 number of children,number,944.00,Coventry,2014/15,1112.00,Coventry,2015/16,N/A,N/A,N/A,N/A,N/A,N/A,N/A,N/A,N/A,N/A,N/A,N/A,N/A,N/A,N/A,Low is good,,,
Locally committed - improving the quality of life for Coventry people,Improving educational outcomes,NA,FALSE,TRUE,FALSE,,"Key Stage 4: achieving ""Attainment 8"" results for Gypsy Roma",average score,New Indicator,N/A,N/A,19.00,Coventry,2016,N/A,N/A,N/A,N/A,N/A,N/A,N/A,N/A,N/A,50.00,All pupils,2016,N/A,N/A,N/A,High is good,N/A,N/A,N/A
Locally committed - improving the quality of life for Coventry people,Improving educational outcomes,NA,FALSE,TRUE,FALSE,,"Key Stage 4: achieving ""Attainment 8"" results for Looked After Children",average score,New Indicator,N/A,N/A,27.00,Coventry,2016,N/A,N/A,N/A,N/A,N/A,N/A,N/A,N/A,N/A,50.00,All pupils,2016,N/A,N/A,N/A,High is good,N/A,N/A,N/A
Locally committed - improving the quality of life for Coventry people,Improving educational outcomes,NA,FALSE,TRUE,FALSE,,"Key Stage 4: achieving ""Attainment 8"" results for Special Educational Needs",average score,New Indicator,N/A,N/A,30.00,Coventry,2016,N/A,N/A,N/A,N/A,N/A,N/A,N/A,N/A,N/A,50.00,All pupils,2016,N/A,N/A,N/A,High is good,N/A,N/A,N/A
Locally committed - improving the quality of life for Coventry people,Improving educational outcomes,NA,FALSE,TRUE,FALSE,,"Key Stage 4: achieving ""Attainment 8"" results for White Boys Pupil Premium",average score,New Indicator,N/A,N/A,34.00,Coventry,2016,N/A,N/A,N/A,N/A,N/A,N/A,N/A,N/A,N/A,50.00,All pupils,2016,N/A,N/A,N/A,High is good,N/A,N/A,N/A
Locally committed - improving the quality of life for Coventry people,Improving educational outcomes,NA,FALSE,TRUE,FALSE,,"Key Stage 4: achieving ""Attainment 8"" results for Pupil Premium",average score,New Indicator,N/A,N/A,40.00,Coventry,2016,N/A,N/A,N/A,N/A,N/A,N/A,N/A,N/A,N/A,50.00,All pupils,2016,N/A,N/A,N/A,High is good,N/A,N/A,N/A
Locally committed - improving the quality of life for Coventry people,Improving educational outcomes,NA,FALSE,TRUE,FALSE,,"Key Stage 4: achieving ""Attainment 8"" results for Transient",average score,New Indicator,N/A,N/A,40.00,Coventry,2016,N/A,N/A,N/A,N/A,N/A,N/A,N/A,N/A,N/A,50.00,All pupils,2016,N/A,N/A,N/A,High is good,N/A,N/A,N/A
Locally committed - improving the quality of life for Coventry people,Improving educational outcomes,NA,FALSE,TRUE,FALSE,,"Key Stage 4: achieving ""Attainment 8"" results for White and Black African",average score,New Indicator,N/A,N/A,42.00,Coventry,2016,N/A,N/A,N/A,N/A,N/A,N/A,N/A,N/A,N/A,50.00,All pupils,2016,N/A,N/A,N/A,High is good,N/A,N/A,N/A
Locally committed - improving the quality of life for Coventry people,Improving educational outcomes,NA,FALSE,TRUE,FALSE,,"Key Stage 4: achieving ""Attainment 8"" results for Black Caribbean",average score,New Indicator,N/A,N/A,43.00,Coventry,2016,N/A,N/A,N/A,N/A,N/A,N/A,N/A,N/A,N/A,50.00,All pupils,2016,N/A,N/A,N/A,High is good,N/A,N/A,N/A
Locally committed - improving the quality of life for Coventry people,Improving educational outcomes,NA,FALSE,TRUE,FALSE,,"Key Stage 4: achieving ""Attainment 8"" results for Boys",average score,New Indicator,N/A,N/A,45.00,Coventry,2016,N/A,N/A,N/A,N/A,N/A,N/A,N/A,N/A,N/A,50.00,All pupils,2016,N/A,N/A,N/A,High is good,N/A,N/A,N/A
Locally committed - improving the quality of life for Coventry people,Improving educational outcomes,NA,FALSE,TRUE,FALSE,,"Key Stage 4: achieving ""Attainment 8"" results for White and Black Caribbean",average score,New Indicator,N/A,N/A,45.00,Coventry,2016,N/A,N/A,N/A,N/A,N/A,N/A,N/A,N/A,N/A,50.00,All pupils,2016,N/A,N/A,N/A,High is good,N/A,N/A,N/A
Locally committed - improving the quality of life for Coventry people,Improving educational outcomes,NA,FALSE,TRUE,FALSE,,"Key Stage 4: achieving ""Attainment 8"" results for White and Asian",average score,New Indicator,N/A,N/A,46.00,Coventry,2016,N/A,N/A,N/A,N/A,N/A,N/A,N/A,N/A,N/A,50.00,All pupils,2016,N/A,N/A,N/A,High is good,N/A,N/A,N/A
Locally committed - improving the quality of life for Coventry people,Improving educational outcomes,NA,FALSE,TRUE,FALSE,,"Key Stage 4: achieving ""Attainment 8"" results for White",average score,New Indicator,N/A,N/A,47.00,Coventry,2016,N/A,N/A,N/A,N/A,N/A,N/A,N/A,N/A,N/A,50.00,All pupils,2016,N/A,N/A,N/A,High is good,N/A,N/A,N/A
Locally committed - improving the quality of life for Coventry people,Improving educational outcomes,NA,FALSE,TRUE,FALSE,,"Key Stage 4: achieving ""Attainment 8"" results for Black African",average score,New Indicator,N/A,N/A,48.00,Coventry,2016,N/A,N/A,N/A,N/A,N/A,N/A,N/A,N/A,N/A,50.00,All pupils,2016,N/A,N/A,N/A,High is good,N/A,N/A,N/A
Locally committed - improving the quality of life for Coventry people,Improving educational outcomes,NA,FALSE,TRUE,FALSE,,"Key Stage 4: achieving ""Attainment 8"" results for Any other mixed",average score,New Indicator,N/A,N/A,49.00,Coventry,2016,N/A,N/A,N/A,N/A,N/A,N/A,N/A,N/A,N/A,50.00,All pupils,2016,N/A,N/A,N/A,High is good,N/A,N/A,N/A
Locally committed - improving the quality of life for Coventry people,Improving educational outcomes,NA,FALSE,TRUE,FALSE,,"Key Stage 4: achieving ""Attainment 8"" results for Asian Pakistani",average score,New Indicator,N/A,N/A,49.00,Coventry,2016,N/A,N/A,N/A,N/A,N/A,N/A,N/A,N/A,N/A,50.00,All pupils,2016,N/A,N/A,N/A,High is good,N/A,N/A,N/A
Locally committed - improving the quality of life for Coventry people,Improving educational outcomes,NA,FALSE,TRUE,FALSE,,"Key Stage 4: achieving ""Attainment 8"" results for Girls",average score,New Indicator,N/A,N/A,51.00,Coventry,2016,N/A,N/A,N/A,N/A,N/A,N/A,N/A,N/A,N/A,50.00,All pupils,2016,N/A,N/A,N/A,High is good,N/A,N/A,N/A
Locally committed - improving the quality of life for Coventry people,Improving educational outcomes,NA,FALSE,TRUE,FALSE,,"Key Stage 4: achieving ""Attainment 8"" results for Black Other",average score,New Indicator,N/A,N/A,53.00,Coventry,2016,N/A,N/A,N/A,N/A,N/A,N/A,N/A,N/A,N/A,50.00,All pupils,2016,N/A,N/A,N/A,High is good,N/A,N/A,N/A
Locally committed - improving the quality of life for Coventry people,Improving educational outcomes,NA,FALSE,TRUE,FALSE,,"Key Stage 4: achieving ""Attainment 8"" results for Asian Bangladeshi",average score,New Indicator,N/A,N/A,55.00,Coventry,2016,N/A,N/A,N/A,N/A,N/A,N/A,N/A,N/A,N/A,50.00,All pupils,2016,N/A,N/A,N/A,High is good,N/A,N/A,N/A
Locally committed - improving the quality of life for Coventry people,Improving educational outcomes,NA,FALSE,TRUE,FALSE,,"Key Stage 4: achieving ""Attainment 8"" results for Asian Indian",average score,New Indicator,N/A,N/A,55.00,Coventry,2016,N/A,N/A,N/A,N/A,N/A,N/A,N/A,N/A,N/A,50.00,All pupils,2016,N/A,N/A,N/A,High is good,N/A,N/A,N/A
Locally committed - improving the quality of life for Coventry people,Improving educational outcomes,NA,FALSE,TRUE,FALSE,,"Key Stage 4: achieving ""Attainment 8"" results for Asian Chinese",average score,New Indicator,N/A,N/A,59.00,Coventry,2016,N/A,N/A,N/A,N/A,N/A,N/A,N/A,N/A,N/A,50.00,All pupils,2016,N/A,N/A,N/A,High is good,N/A,N/A,N/A
Locally committed - improving the quality of life for Coventry people,Improving educational outcomes,NA,FALSE,TRUE,FALSE,,"Key Stage 2: expected standard in reading, writing & maths (result) for… Roma/Gypsy",%,New Indicator,N/A,N/A,6.00,Coventry,2016,N/A,N/A,N/A,N/A,N/A,N/A,N/A,N/A,N/A,53.00,All pupils,2016,N/A,N/A,N/A,High is good,N/A,N/A,N/A
Locally committed - improving the quality of life for Coventry people,Improving educational outcomes,NA,FALSE,TRUE,FALSE,,"Key Stage 2: expected standard in reading, writing & maths (result) for… Special Educatioal Needs",%,New Indicator,N/A,N/A,11.00,Coventry,2016,N/A,N/A,N/A,N/A,N/A,N/A,N/A,N/A,N/A,53.00,All pupils,2016,N/A,N/A,N/A,High is good,N/A,N/A,N/A
Locally committed - improving the quality of life for Coventry people,Improving educational outcomes,NA,FALSE,TRUE,FALSE,,"Key Stage 2: expected standard in reading, writing & maths (result) for… Transient",%,New Indicator,N/A,N/A,26.00,Coventry,2016,N/A,N/A,N/A,N/A,N/A,N/A,N/A,N/A,N/A,53.00,All pupils,2016,N/A,N/A,N/A,High is good,N/A,N/A,N/A
Locally committed - improving the quality of life for Coventry people,Improving educational outcomes,NA,FALSE,TRUE,FALSE,,"Key Stage 2: expected standard in reading, writing & maths (result) for… Black Caribbean ",%,New Indicator,N/A,N/A,30.00,Coventry,2016,N/A,N/A,N/A,N/A,N/A,N/A,N/A,N/A,N/A,53.00,All pupils,2016,N/A,N/A,N/A,High is good,N/A,N/A,N/A
Locally committed - improving the quality of life for Coventry people,Improving educational outcomes,NA,FALSE,TRUE,FALSE,,"Key Stage 2: expected standard in reading, writing & maths (result) for… Looked After Children",%,New Indicator,N/A,N/A,33.00,Coventry,2016,N/A,N/A,N/A,N/A,N/A,N/A,N/A,N/A,N/A,53.00,All pupils,2016,N/A,N/A,N/A,High is good,N/A,N/A,N/A
Locally committed - improving the quality of life for Coventry people,Improving educational outcomes,NA,FALSE,TRUE,FALSE,,"Key Stage 2: expected standard in reading, writing & maths (result) for… Pupil Premium",%,New Indicator,N/A,N/A,37.00,Coventry,2016,N/A,N/A,N/A,N/A,N/A,N/A,N/A,N/A,N/A,53.00,All pupils,2016,N/A,N/A,N/A,High is good,N/A,N/A,N/A
Locally committed - improving the quality of life for Coventry people,Improving educational outcomes,NA,FALSE,TRUE,FALSE,,"Key Stage 2: expected standard in reading, writing & maths (result) for… White and black African",%,New Indicator,N/A,N/A,41.00,Coventry,2016,N/A,N/A,N/A,N/A,N/A,N/A,N/A,N/A,N/A,53.00,All pupils,2016,N/A,N/A,N/A,High is good,N/A,N/A,N/A
Locally committed - improving the quality of life for Coventry people,Improving educational outcomes,NA,FALSE,TRUE,FALSE,,"Key Stage 2: expected standard in reading, writing & maths (result) for… White and black Caribbean",%,New Indicator,N/A,N/A,42.00,Coventry,2016,N/A,N/A,N/A,N/A,N/A,N/A,N/A,N/A,N/A,53.00,All pupils,2016,N/A,N/A,N/A,High is good,N/A,N/A,N/A
Locally committed - improving the quality of life for Coventry people,Improving educational outcomes,NA,FALSE,TRUE,FALSE,,"Key Stage 2: expected standard in reading, writing & maths (result) for… Boys",%,New Indicator,N/A,N/A,43.00,Coventry,2016,N/A,N/A,N/A,N/A,N/A,N/A,N/A,N/A,N/A,53.00,All pupils,2016,N/A,N/A,N/A,High is good,N/A,N/A,N/A
Locally committed - improving the quality of life for Coventry people,Improving educational outcomes,NA,FALSE,TRUE,FALSE,,"Key Stage 2: expected standard in reading, writing & maths (result) for… Any other mixed",%,New Indicator,N/A,N/A,46.00,Coventry,2016,N/A,N/A,N/A,N/A,N/A,N/A,N/A,N/A,N/A,53.00,All pupils,2016,N/A,N/A,N/A,High is good,N/A,N/A,N/A
Locally committed - improving the quality of life for Coventry people,Improving educational outcomes,NA,FALSE,TRUE,FALSE,,"Key Stage 2: expected standard in reading, writing & maths (result) for… White",%,New Indicator,N/A,N/A,49.00,Coventry,2016,N/A,N/A,N/A,N/A,N/A,N/A,N/A,N/A,N/A,53.00,All pupils,2016,N/A,N/A,N/A,High is good,N/A,N/A,N/A
Locally committed - improving the quality of life for Coventry people,Improving educational outcomes,NA,FALSE,TRUE,FALSE,,"Key Stage 2: expected standard in reading, writing & maths (results) for… Black African ",%,New Indicator,N/A,N/A,49.00,Coventry,2016,N/A,N/A,N/A,N/A,N/A,N/A,N/A,N/A,N/A,53.00,All pupils,2016,N/A,N/A,N/A,High is good,N/A,N/A,N/A
Locally committed - improving the quality of life for Coventry people,Improving educational outcomes,NA,FALSE,TRUE,FALSE,,"Key Stage 2: expected standard in reading, writing & maths (result) for… Asian Pakitani",%,New Indicator,N/A,N/A,50.00,Coventry,2016,N/A,N/A,N/A,N/A,N/A,N/A,N/A,N/A,N/A,53.00,All pupils,2016,N/A,N/A,N/A,High is good,N/A,N/A,N/A
Locally committed - improving the quality of life for Coventry people,Improving educational outcomes,NA,FALSE,TRUE,FALSE,,"Key Stage 2: expected standard in reading, writing & maths (result) for… Girls",%,New Indicator,N/A,N/A,51.00,Coventry,2016,N/A,N/A,N/A,N/A,N/A,N/A,N/A,N/A,N/A,53.00,All pupils,2016,N/A,N/A,N/A,High is good,N/A,N/A,N/A
Locally committed - improving the quality of life for Coventry people,Improving educational outcomes,NA,FALSE,TRUE,FALSE,,"Key Stage 2: expected standard in reading, writing & maths (result) for… Asian Chinese",%,New Indicator,N/A,N/A,56.00,Coventry,2016,N/A,N/A,N/A,N/A,N/A,N/A,N/A,N/A,N/A,53.00,All pupils,2016,N/A,N/A,N/A,High is good,N/A,N/A,N/A
Locally committed - improving the quality of life for Coventry people,Improving educational outcomes,NA,FALSE,TRUE,FALSE,,"Key Stage 2: expected standard in reading, writing & maths (result) for… Asian Bangladeshi",%,New Indicator,N/A,N/A,57.00,Coventry,2016,N/A,N/A,N/A,N/A,N/A,N/A,N/A,N/A,N/A,53.00,All pupils,2016,N/A,N/A,N/A,High is good,N/A,N/A,N/A
Locally committed - improving the quality of life for Coventry people,Improving educational outcomes,NA,FALSE,TRUE,FALSE,,"Key Stage 2: expected standard in reading, writing & maths (result) for… Asian Indian",%,New Indicator,N/A,N/A,58.00,Coventry,2016,N/A,N/A,N/A,N/A,N/A,N/A,N/A,N/A,N/A,53.00,All pupils,2016,N/A,N/A,N/A,High is good,N/A,N/A,N/A
Locally committed - improving the quality of life for Coventry people,Improving educational outcomes,NA,FALSE,TRUE,FALSE,,"Key Stage 2: expected standard in reading, writing & maths (result) for… White and Asian",%,New Indicator,N/A,N/A,59.00,Coventry,2016,N/A,N/A,N/A,N/A,N/A,N/A,N/A,N/A,N/A,53.00,All pupils,2016,N/A,N/A,N/A,High is good,N/A,N/A,N/A
Locally committed - improving the quality of life for Coventry people,Improving educational outcomes,NA,FALSE,TRUE,FALSE,,"Key Stage 2: expected standard in reading, writing & maths (result) for… Black Other ",%,New Indicator,N/A,N/A,60.00,Coventry,2016,N/A,N/A,N/A,N/A,N/A,N/A,N/A,N/A,N/A,53.00,All pupils,2016,N/A,N/A,N/A,High is good,N/A,N/A,N/A
Locally committed - improving the quality of life for Coventry people,Improving educational outcomes,NA,FALSE,TRUE,FALSE,,"Key Stage 2: expected standard in reading, writing & maths (result) for… Traveller of Irish Heritage",%,New Indicator,N/A,N/A,67.00,Coventry,2016,N/A,N/A,N/A,N/A,N/A,N/A,N/A,N/A,N/A,53.00,All pupils,2016,N/A,N/A,N/A,High is good,N/A,N/A,N/A
Locally committed - improving the quality of life for Coventry people,Improving educational outcomes,NA,FALSE,TRUE,FALSE,,"Key Stage 2: expected standard in reading, writing & maths (result) for… Irish",%,New Indicator,N/A,N/A,72.00,Coventry,2016,N/A,N/A,N/A,N/A,N/A,N/A,N/A,N/A,N/A,53.00,All pupils,2016,N/A,N/A,N/A,High is good,N/A,N/A,N/A
Locally committed - improving the quality of life for Coventry people,Improving educational outcomes,NA,FALSE,TRUE,FALSE,,"Key Stage 2: expected standard in reading, writing & maths (difference with national comparator) for… Roma Gyspy",% difference between national comparator,New Indicator,N/A,N/A,-47.00,Coventry,2016,N/A,N/A,N/A,N/A,N/A,N/A,N/A,N/A,N/A,N/A,N/A,2016,N/A,N/A,N/A,High is good,,,
Locally committed - improving the quality of life for Coventry people,Improving educational outcomes,NA,FALSE,TRUE,FALSE,,"Key Stage 2: expected standard in reading, writing & maths (difference with national comparator) for… Special Educational Needs",% difference between national comparator,New Indicator,N/A,N/A,-42.00,Coventry,2016,N/A,N/A,N/A,N/A,N/A,N/A,N/A,N/A,N/A,N/A,N/A,2016,N/A,N/A,N/A,High is good,,,
Locally committed - improving the quality of life for Coventry people,Improving educational outcomes,NA,FALSE,TRUE,FALSE,,"Key Stage 2: expected standard in reading, writing & maths (difference with national comparator) for… Black Caribbean",% difference between national comparator,New Indicator,N/A,N/A,-23.00,Coventry,2016,N/A,N/A,N/A,N/A,N/A,N/A,N/A,N/A,N/A,N/A,N/A,2016,N/A,N/A,N/A,High is good,,,
Locally committed - improving the quality of life for Coventry people,Improving educational outcomes,NA,FALSE,TRUE,FALSE,,"Key Stage 2: expected standard in reading, writing & maths (difference with national comparator) for… Looked After Children",% difference between national comparator,New Indicator,N/A,N/A,-20.00,Coventry,2016,N/A,N/A,N/A,N/A,N/A,N/A,N/A,N/A,N/A,N/A,N/A,2016,N/A,N/A,N/A,High is good,,,
Locally committed - improving the quality of life for Coventry people,Improving educational outcomes,NA,FALSE,TRUE,FALSE,,"Key Stage 2: expected standard in reading, writing & maths (difference with national comparator) for… Pupil Premium",% difference between national comparator,New Indicator,N/A,N/A,-16.00,Coventry,2016,N/A,N/A,N/A,N/A,N/A,N/A,N/A,N/A,N/A,N/A,N/A,2016,N/A,N/A,N/A,High is good,,,
Locally committed - improving the quality of life for Coventry people,Improving educational outcomes,NA,FALSE,TRUE,FALSE,,"Key Stage 2: expected standard in reading, writing & maths (difference with national comparator) for… White and Black African",% difference between national comparator,New Indicator,N/A,N/A,-12.00,Coventry,2016,N/A,N/A,N/A,N/A,N/A,N/A,N/A,N/A,N/A,N/A,N/A,2016,N/A,N/A,N/A,High is good,,,
Locally committed - improving the quality of life for Coventry people,Improving educational outcomes,NA,FALSE,TRUE,FALSE,,"Key Stage 2: expected standard in reading, writing & maths (difference with national comparator) for… White and Black Caribbean",% difference between national comparator,New Indicator,N/A,N/A,-11.00,Coventry,2016,N/A,N/A,N/A,N/A,N/A,N/A,N/A,N/A,N/A,N/A,N/A,2016,N/A,N/A,N/A,High is good,,,
Locally committed - improving the quality of life for Coventry people,Improving educational outcomes,NA,FALSE,TRUE,FALSE,,"Key Stage 2: expected standard in reading, writing & maths (difference with national comparator) for… Boys",% difference between national comparator,New Indicator,N/A,N/A,-10.00,Coventry,2016,N/A,N/A,N/A,N/A,N/A,N/A,N/A,N/A,N/A,N/A,N/A,2016,N/A,N/A,N/A,High is good,,,
Locally committed - improving the quality of life for Coventry people,Improving educational outcomes,NA,FALSE,TRUE,FALSE,,"Key Stage 2: expected standard in reading, writing & maths (difference with national comparator) for… Any other mixed",% difference between national comparator,New Indicator,N/A,N/A,-7.00,Coventry,2016,N/A,N/A,N/A,N/A,N/A,N/A,N/A,N/A,N/A,N/A,N/A,2016,N/A,N/A,N/A,High is good,,,
Locally committed - improving the quality of life for Coventry people,Improving educational outcomes,NA,FALSE,TRUE,FALSE,,"Key Stage 2: expected standard in reading, writing & maths (difference with national comparator) for… Black African ",% difference between national comparator,New Indicator,N/A,N/A,-4.00,Coventry,2016,N/A,N/A,N/A,N/A,N/A,N/A,N/A,N/A,N/A,N/A,N/A,2016,N/A,N/A,N/A,High is good,,,
Locally committed - improving the quality of life for Coventry people,Improving educational outcomes,NA,FALSE,TRUE,FALSE,,"Key Stage 2: expected standard in reading, writing & maths (difference with national comparator) for… White",% difference between national comparator,New Indicator,N/A,N/A,-4.00,Coventry,2016,N/A,N/A,N/A,N/A,N/A,N/A,N/A,N/A,N/A,N/A,N/A,2016,N/A,N/A,N/A,High is good,,,
Locally committed - improving the quality of life for Coventry people,Improving educational outcomes,NA,FALSE,TRUE,FALSE,,"Key Stage 2: expected standard in reading, writing & maths (difference with national comparator) for… Asian Pakistani",% difference between national comparator,New Indicator,N/A,N/A,-3.00,Coventry,2016,N/A,N/A,N/A,N/A,N/A,N/A,N/A,N/A,N/A,N/A,N/A,2016,N/A,N/A,N/A,High is good,,,
Locally committed - improving the quality of life for Coventry people,Improving educational outcomes,NA,FALSE,TRUE,FALSE,,"Key Stage 2: expected standard in reading, writing & maths (difference with national comparator) for… Girls",% difference between national comparator,New Indicator,N/A,N/A,-2.00,Coventry,2016,N/A,N/A,N/A,N/A,N/A,N/A,N/A,N/A,N/A,N/A,N/A,2016,N/A,N/A,N/A,High is good,,,
Locally committed - improving the quality of life for Coventry people,Improving educational outcomes,NA,FALSE,TRUE,FALSE,,"Key Stage 2: expected standard in reading, writing & maths (difference with national comparator) for… Asian Chinese",% difference between national comparator,New Indicator,N/A,N/A,3.00,Coventry,2016,N/A,N/A,N/A,N/A,N/A,N/A,N/A,N/A,N/A,N/A,N/A,2016,N/A,N/A,N/A,High is good,,,
Locally committed - improving the quality of life for Coventry people,Improving educational outcomes,NA,FALSE,TRUE,FALSE,,"Key Stage 2: expected standard in reading, writing & maths (difference with national comparator) for… Asian Bangladeshi",% difference between national comparator,New Indicator,N/A,N/A,4.00,Coventry,2016,N/A,N/A,N/A,N/A,N/A,N/A,N/A,N/A,N/A,N/A,N/A,2016,N/A,N/A,N/A,High is good,,,
Locally committed - improving the quality of life for Coventry people,Improving educational outcomes,NA,FALSE,TRUE,FALSE,,"Key Stage 2: expected standard in reading, writing & maths (difference with national comparator) for… Asian Indian",% difference between national comparator,New Indicator,N/A,N/A,5.00,Coventry,2016,N/A,N/A,N/A,N/A,N/A,N/A,N/A,N/A,N/A,N/A,N/A,2016,N/A,N/A,N/A,High is good,,,
Locally committed - improving the quality of life for Coventry people,Improving educational outcomes,NA,FALSE,TRUE,FALSE,,"Key Stage 2: expected standard in reading, writing & maths (difference with national comparator) for… White and Asian",% difference between national comparator,New Indicator,N/A,N/A,6.00,Coventry,2016,N/A,N/A,N/A,N/A,N/A,N/A,N/A,N/A,N/A,N/A,N/A,2016,N/A,N/A,N/A,High is good,,,
Locally committed - improving the quality of life for Coventry people,Improving educational outcomes,NA,FALSE,TRUE,FALSE,,"Key Stage 2: expected standard in reading, writing & maths (difference with national comparator) for… Black Other",% difference between national comparator,New Indicator,N/A,N/A,7.00,Coventry,2016,N/A,N/A,N/A,N/A,N/A,N/A,N/A,N/A,N/A,N/A,N/A,2016,N/A,N/A,N/A,High is good,,,
Locally committed - improving the quality of life for Coventry people,Improving educational outcomes,NA,FALSE,TRUE,FALSE,,"Key Stage 2: expected standard in reading, writing & maths (difference with national comparator) for… Traveller of Irish Heritage",% difference between national comparator,New Indicator,N/A,N/A,14.00,Coventry,2016,N/A,N/A,N/A,N/A,N/A,N/A,N/A,N/A,N/A,N/A,N/A,2016,N/A,N/A,N/A,High is good,,,
Locally committed - improving the quality of life for Coventry people,Improving educational outcomes,NA,FALSE,TRUE,FALSE,,"Key Stage 2: expected standard in reading, writing & maths (difference with national comparator) for… Irish",% difference between national comparator,New Indicator,N/A,N/A,19.00,Coventry,2016,N/A,N/A,N/A,N/A,N/A,N/A,N/A,N/A,N/A,N/A,N/A,2016,N/A,N/A,N/A,High is good,,,
Locally committed - improving the quality of life for Coventry people,Improving educational outcomes,NA,FALSE,TRUE,FALSE,,"Key Stage 2: expected standard in reading, writing & maths (difference with national comparator) for… Transient",% difference between national comparator,New Indicator,N/A,N/A,27.00,Coventry,2016,N/A,N/A,N/A,N/A,N/A,N/A,N/A,N/A,N/A,N/A,N/A,2016,N/A,N/A,N/A,High is good,,,
Locally committed - improving the quality of life for Coventry people,Improving educational outcomes,NA,FALSE,FALSE,FALSE,,Key Stage 5: Level 3 average point score per general applied entry Grade,grade,New Indicator,N/A,N/A,Distinction,Coventry,2016,N/A,N/A,N/A,Distinction ,Statistical Neighbours,2016,N/A,N/A,N/A,Distinction ,England,2016,N/A,N/A,N/A,High is good,,,
Locally committed - improving the quality of life for Coventry people,Improving educational outcomes,NA,FALSE,TRUE,FALSE,,"Key Stage 4: achieving ""Attainment 8"" results (difference with national comparator).. for Gypsy Roma",% difference between national comparator,New Indicator,N/A,N/A,-31.00,Coventry,2016,N/A,N/A,N/A,N/A,N/A,N/A,N/A,N/A,N/A,N/A,N/A,N/A,N/A,N/A,N/A,High is good,,,
Locally committed - improving the quality of life for Coventry people,Improving educational outcomes,NA,FALSE,TRUE,FALSE,,"Key Stage 4: achieving ""Attainment 8"" results (difference with national comparator)...for Looked After Children",% difference between national comparator,New Indicator,N/A,N/A,-23.00,Coventry,2016,N/A,N/A,N/A,N/A,N/A,N/A,N/A,N/A,N/A,N/A,N/A,N/A,N/A,N/A,N/A,High is good,,,
Locally committed - improving the quality of life for Coventry people,Improving educational outcomes,NA,FALSE,TRUE,FALSE,,"Key Stage 4: achieving ""Attainment 8"" results (difference with national comparator)...for Special Educational Needs",% difference between national comparator,New Indicator,N/A,N/A,-20.00,Coventry,2016,N/A,N/A,N/A,N/A,N/A,N/A,N/A,N/A,N/A,N/A,N/A,N/A,N/A,N/A,N/A,High is good,,,
Locally committed - improving the quality of life for Coventry people,Improving educational outcomes,NA,FALSE,TRUE,FALSE,,"Key Stage 4: achieving ""Attainment 8"" results (difference with national comparator)... For White Boys Pupil Premium",% difference between national comparator,New Indicator,N/A,N/A,-16.00,Coventry,2016,N/A,N/A,N/A,N/A,N/A,N/A,N/A,N/A,N/A,N/A,N/A,N/A,N/A,N/A,N/A,High is good,,,
Locally committed - improving the quality of life for Coventry people,Improving educational outcomes,NA,FALSE,TRUE,FALSE,,"Key Stage 4: achieving ""Attainment 8"" results (difference with national comparator)... for Pupil Premium",% difference between national comparator,New Indicator,N/A,N/A,-10.00,Coventry,2016,N/A,N/A,N/A,N/A,N/A,N/A,N/A,N/A,N/A,N/A,N/A,N/A,N/A,N/A,N/A,High is good,,,
Locally committed - improving the quality of life for Coventry people,Improving educational outcomes,NA,FALSE,TRUE,FALSE,,"Key Stage 4: achieving ""Attainment 8"" results (difference with national comparator)... for Transient",% difference between national comparator,New Indicator,N/A,N/A,-10.00,Coventry,2016,N/A,N/A,N/A,N/A,N/A,N/A,N/A,N/A,N/A,N/A,N/A,N/A,N/A,N/A,N/A,High is good,,,
Locally committed - improving the quality of life for Coventry people,Improving educational outcomes,NA,FALSE,TRUE,FALSE,,"Key Stage 4: achieving ""Attainment 8"" results (difference with national comparator)... for White and Black African",% difference between national comparator,New Indicator,N/A,N/A,-8.00,Coventry,2016,N/A,N/A,N/A,N/A,N/A,N/A,N/A,N/A,N/A,N/A,N/A,N/A,N/A,N/A,N/A,High is good,,,
Locally committed - improving the quality of life for Coventry people,Improving educational outcomes,NA,FALSE,TRUE,FALSE,,"Key Stage 4: achieving ""Attainment 8"" results (difference with national comparator)... for Black Caribbean",% difference between national comparator,New Indicator,N/A,N/A,-7.00,Coventry,2016,N/A,N/A,N/A,N/A,N/A,N/A,N/A,N/A,N/A,N/A,N/A,N/A,N/A,N/A,N/A,High is good,,,
Locally committed - improving the quality of life for Coventry people,Improving educational outcomes,NA,FALSE,TRUE,FALSE,,"Key Stage 4: achieving ""Attainment 8"" results (difference with national comparator)… for Boys",% difference between national comparator,New Indicator,N/A,N/A,-5.00,Coventry,2016,N/A,N/A,N/A,N/A,N/A,N/A,N/A,N/A,N/A,N/A,N/A,N/A,N/A,N/A,N/A,High is good,,,
Locally committed - improving the quality of life for Coventry people,Improving educational outcomes,NA,FALSE,TRUE,FALSE,,"Key Stage 4: achieving ""Attainment 8"" results (difference with national comparator)… for White and Black Caribbean",% difference between national comparator,New Indicator,N/A,N/A,-5.00,Coventry,2016,N/A,N/A,N/A,N/A,N/A,N/A,N/A,N/A,N/A,N/A,N/A,N/A,N/A,N/A,N/A,High is good,,,
Locally committed - improving the quality of life for Coventry people,Improving educational outcomes,NA,FALSE,TRUE,FALSE,,"Key Stage 4: achieving ""Attainment 8"" results (difference with national comparator)...for White and Asian",% difference between national comparator,New Indicator,N/A,N/A,-4.00,Coventry,2016,N/A,N/A,N/A,N/A,N/A,N/A,N/A,N/A,N/A,N/A,N/A,N/A,N/A,N/A,N/A,High is good,,,
Locally committed - improving the quality of life for Coventry people,Improving educational outcomes,NA,FALSE,TRUE,FALSE,,"Key Stage 4: achieving ""Attainment 8"" results (difference with national comparator)… for White",% difference between national comparator,New Indicator,N/A,N/A,-3.00,Coventry,2016,N/A,N/A,N/A,N/A,N/A,N/A,N/A,N/A,N/A,N/A,N/A,N/A,N/A,N/A,N/A,High is good,,,
Locally committed - improving the quality of life for Coventry people,Improving educational outcomes,NA,FALSE,TRUE,FALSE,,"Key Stage 4: achieving ""Attainment 8"" results (difference with national comparator)... for Black African",% difference between national comparator,New Indicator,N/A,N/A,-2.00,Coventry,2016,N/A,N/A,N/A,N/A,N/A,N/A,N/A,N/A,N/A,N/A,N/A,N/A,N/A,N/A,N/A,High is good,,,
Locally committed - improving the quality of life for Coventry people,Improving educational outcomes,NA,FALSE,TRUE,FALSE,,"Key Stage 4: achieving ""Attainment 8"" results (difference with national comparator)... for Any other mixed",% difference between national comparator,New Indicator,N/A,N/A,-1.00,Coventry,2016,N/A,N/A,N/A,N/A,N/A,N/A,N/A,N/A,N/A,N/A,N/A,N/A,N/A,N/A,N/A,High is good,,,
Locally committed - improving the quality of life for Coventry people,Improving educational outcomes,NA,FALSE,TRUE,FALSE,,"Key Stage 4: achieving ""Attainment 8"" results (difference with national comparator)… for Asian Pakistani",% difference between national comparator,New Indicator,N/A,N/A,-1.00,Coventry,2016,N/A,N/A,N/A,N/A,N/A,N/A,N/A,N/A,N/A,N/A,N/A,N/A,N/A,N/A,N/A,High is good,,,
Locally committed - improving the quality of life for Coventry people,Improving educational outcomes,NA,FALSE,TRUE,FALSE,,"Key Stage 4: achieving ""Attainment 8"" results (difference with national comparator)... for Girls",% difference between national comparator,New Indicator,N/A,N/A,1.00,Coventry,2016,N/A,N/A,N/A,N/A,N/A,N/A,N/A,N/A,N/A,N/A,N/A,N/A,N/A,N/A,N/A,High is good,,,
Locally committed - improving the quality of life for Coventry people,Improving educational outcomes,NA,FALSE,TRUE,FALSE,,"Key Stage 4: achieving ""Attainment 8"" results (difference with national comparator)… for Black Other",% difference between national comparator,New Indicator,N/A,N/A,3.00,Coventry,2016,N/A,N/A,N/A,N/A,N/A,N/A,N/A,N/A,N/A,N/A,N/A,N/A,N/A,N/A,N/A,High is good,,,
Locally committed - improving the quality of life for Coventry people,Improving educational outcomes,NA,FALSE,TRUE,FALSE,,"Key Stage 4: achieving ""Attainment 8"" results (difference with national comparator)… for Asian Bangladeshi",% difference between national comparator,New Indicator,N/A,N/A,5.00,Coventry,2016,N/A,N/A,N/A,N/A,N/A,N/A,N/A,N/A,N/A,N/A,N/A,N/A,N/A,N/A,N/A,High is good,,,
Locally committed - improving the quality of life for Coventry people,Improving educational outcomes,NA,FALSE,TRUE,FALSE,,"Key Stage 4: achieving ""Attainment 8"" results (difference with national comparator)… for Asian Indian",% difference between national comparator,New Indicator,N/A,N/A,5.00,Coventry,2016,N/A,N/A,N/A,N/A,N/A,N/A,N/A,N/A,N/A,N/A,N/A,N/A,N/A,N/A,N/A,High is good,,,
Locally committed - improving the quality of life for Coventry people,Improving educational outcomes,NA,FALSE,TRUE,FALSE,,"Key Stage 4: achieving ""Attainment 8"" results (difference with national comparator)… for Chinese",% difference between national comparator,New Indicator,N/A,N/A,9.00,Coventry,2016,N/A,N/A,N/A,N/A,N/A,N/A,N/A,N/A,N/A,N/A,N/A,N/A,N/A,N/A,N/A,High is good,,,
Locally committed - improving the quality of life for Coventry people,Improving educational outcomes,NA,FALSE,FALSE,FALSE,,Key Stage 5: Level 3 average point score Tech Level entry Grade,grade,New Indicator,N/A,N/A,Merit +,Coventry,2016,N/A,N/A,N/A,Distinction -,Statistical Neighbours,2016,N/A,N/A,N/A,Distinction -,England,2016,N/A,N/A,N/A,N/A,,,
Locally committed - improving the quality of life for Coventry people,Improving educational outcomes,NA,FALSE,FALSE,FALSE,,Key Stage 5: Level 3 average point score A Level entry Grade,grade,New Indicator,N/A,N/A,Grade C-,Coventry,2016,N/A,N/A,N/A,Grade C-,Statistical Neighbours,2016,N/A,N/A,N/A,Grade C,England,2016,N/A,N/A,N/A,N/A,,,
Locally committed - improving the quality of life for Coventry people,Make communities safer,CANT SAY,FALSE,TRUE,FALSE,,Reported offences (including crime/non-crime/reporting centre incidents) motivated by hatred/prejudice towards a person because of their actual/perceived protected characteristic of…gypsy/traveller,number,<5,Coventry,2015/16,0.00,Coventry,2016/17,0.00,Coventry,Apr-Sep 2016,N/A,N/A,N/A,N/A,N/A,N/A,N/A,N/A,N/A,N/A,N/A,N/A,N/A,Can't say,N/A,Target not applicable
Locally committed - improving the quality of life for Coventry people,Make communities safer,CANT SAY,FALSE,TRUE,FALSE,,Reported offences (including crime/non-crime/reporting centre incidents) motivated by hatred/prejudice towards a person because of their actual/perceived protected characteristic of…religion or belief,number,23.00,Coventry,2015/16,8.00,Coventry,2016/17,9.00,Coventry,Apr-Sep 2016,N/A,N/A,N/A,N/A,N/A,N/A,N/A,N/A,N/A,N/A,N/A,N/A,N/A,Can't say,N/A,Target not applicable
Locally committed - improving the quality of life for Coventry people,Make communities safer,CANT SAY,FALSE,TRUE,FALSE,,Reported offences (including crime/non-crime/reporting centre incidents) motivated by hatred/prejudice towards a person because of their actual/perceived protected characteristic of…disability (disability hate crime),number,27.00,Coventry,2015/16,13.00,Coventry,2016/17,9.00,Coventry,Apr-Sep 2016,N/A,N/A,N/A,N/A,N/A,N/A,N/A,N/A,N/A,N/A,N/A,N/A,N/A,Can't say,N/A,Target not applicable
Locally committed - improving the quality of life for Coventry people,Make communities safer,CANT SAY,FALSE,TRUE,FALSE,,Reported offences (including crime/non-crime/reporting centre incidents) motivated by hatred/prejudice towards a person because of their actual/perceived protected characteristic of…sexual orientation (homophobia),number,45.00,Coventry,2015/16,34.00,Coventry,2016/17,20.00,Coventry,Apr-Sep 2016,N/A,N/A,N/A,N/A,N/A,N/A,N/A,N/A,N/A,N/A,N/A,N/A,N/A,Can't say,N/A,Target not applicable
Locally committed - improving the quality of life for Coventry people,Make communities safer,CANT SAY,FALSE,TRUE,FALSE,,Domestic violence (crime and non crime) offences reported to the police involving children,%,38.00,Coventry,2015/16,53.80,Coventry,2016/17,38.00,Coventry,Apr-Sep 2016,N/A,N/A,N/A,N/A,N/A,N/A,N/A,N/A,N/A,N/A,N/A,N/A,N/A,Can't say,N/A,Target not applicable
Locally committed - improving the quality of life for Coventry people,Make communities safer,CANT SAY,FALSE,TRUE,FALSE,,Reported offences (including crime/non-crime/reporting centre incidents) motivated by hatred/prejudice towards a person because of their actual/perceived protected characteristic of…race/ethnicity (racist incidents),number,428.00,Coventry,2015/16,426.00,Coventry,2016/17,271.00,Coventry,Apr-Sep 2016,N/A,N/A,N/A,N/A,N/A,N/A,N/A,N/A,N/A,N/A,N/A,N/A,N/A,Can't say,N/A,Target not applicable
Locally committed - improving the quality of life for Coventry people,Make communities safer,CANT SAY,FALSE,TRUE,FALSE,,Reported offences (including crime/non-crime/reporting centre incidents) motivated by hatred/prejudice towards a person because of their actual/perceived protected characteristic of…sex/gender or transgender (gender identity/reassignment),number,<5,Coventry,2015/16,<5,Coventry,2016/17,<5,Coventry,Apr-Sep 2016,N/A,N/A,N/A,N/A,N/A,N/A,N/A,N/A,N/A,N/A,N/A,N/A,N/A,Can't say,N/A,Target not applicable
Locally committed - improving the quality of life for Coventry people,Make communities safer,CANT SAY,FALSE,TRUE,FALSE,,Reported offences (including crime/non-crime/reporting centre incidents) motivated by hatred/prejudice towards a person because of their actual/perceived protected characteristic of…not stated,number,<5,Coventry,2015/16,5.00,Coventry,2016/17,0.00,Coventry,Apr-Sep 2016,N/A,N/A,N/A,N/A,N/A,N/A,N/A,N/A,N/A,N/A,N/A,N/A,N/A,Can't say,N/A,Target not applicable
Locally committed - improving the quality of life for Coventry people,Make communities safer,NA,FALSE,FALSE,FALSE,,Number of crimes,number,21229.00,Coventry,2015/16 refreshed,22909.00,Coventry,2016/17,11153.00,Coventry,Apr-Sep 2016,N/A,N/A,N/A,N/A,N/A,N/A,N/A,N/A,N/A,N/A,N/A,N/A,Low is good,,,
Locally committed - improving the quality of life for Coventry people,Make communities safer,NA,FALSE,TRUE,FALSE,,Hate crime reporting centres,number,N/A,N/A,N/A,N/A,Coventry,N/A,N/A,N/A,N/A,N/A,N/A,N/A,N/A,N/A,N/A,N/A,N/A,N/A,N/A,N/A,N/A,N/A,,,
Locally committed - improving the quality of life for Coventry people,Protecting our most vulnerable people,BETTER,FALSE,FALSE,TRUE,,Hospital admissions as a result of self-harm (10-24 year olds) ,"rate per 100,000 population (10-24 year olds)",552.00,Coventry,2014/15,525.00,Coventry,2015/16,N/A,N/A,N/A,443.00,West Midlands Region,2015/16,N/A,N/A,N/A,431.00,England,2015/16,N/A,N/A,N/A,Low is good,Right direction,500,N/A
Locally committed - improving the quality of life for Coventry people,Protecting our most vulnerable people,BETTER,FALSE,FALSE,TRUE,,Children aged under 11 accessing Compass substance misuse early intervention service,%,8.00,Coventry,2015/16,23.00,Coventry,2016/17,N/A,N/A,N/A,N/A,N/A,N/A,N/A,N/A,N/A,N/A,N/A,N/A,N/A,N/A,N/A,N/A,Right direction,15,On-target
Locally committed - improving the quality of life for Coventry people,Protecting our most vulnerable people,NA,FALSE,FALSE,TRUE,,"Young people reporting increased awareness of risks, supporting services, CSE and online safety - one year project (CRASAC)",%,N/A,N/A,N/A,93.00,Coventry,2016/17,N/A,N/A,N/A,N/A,N/A,N/A,N/A,N/A,N/A,N/A,N/A,N/A,N/A,N/A,N/A,N/A,N/A,90,On-target
Locally committed - improving the quality of life for Coventry people,Protecting our most vulnerable people,BETTER,FALSE,FALSE,TRUE,,New clients aged 25 or under accessing CRASAC's counselling service & helpline,number,183.00,Coventry,2015/16,443.00,Coventry,2016/17,202.00,Coventry,Apr-Sep 2016,N/A,N/A,N/A,N/A,N/A,N/A,N/A,N/A,N/A,N/A,N/A,N/A,N/A,Right direction,183,On-target
Locally committed - improving the quality of life for Coventry people,Protecting our most vulnerable people,NA,FALSE,FALSE,TRUE,,Reporting of sexual violence in young people,number,N/A,N/A,N/A,363.00,Coventry,2016/17,N/A,N/A,N/A,N/A,N/A,N/A,N/A,N/A,N/A,N/A,N/A,N/A,N/A,N/A,N/A,N/A,N/A,308,On-target
Locally committed - improving the quality of life for Coventry people,Protecting our most vulnerable people,NA,FALSE,FALSE,FALSE,,Adult social care service users receiving long term on-going support-number,number,3631.00,Coventry,31 Marach 2016 revised,3430.00,Coventry,31/03/2017 provisional,3421.00,Coventry,30-Sep-16,N/A,N/A,N/A,N/A,N/A,N/A,N/A,N/A,N/A,N/A,N/A,N/A,N/A,Similar/unchanged,>3400 and <3800,On-target
Locally committed - improving the quality of life for Coventry people,Protecting our most vulnerable people,NA,FALSE,FALSE,FALSE,,Adults who contacted adult social care this year who were not previously receiving services-number,number,9296.00,Coventry,2015/16,9446.00,Coventry,2016/17,3358.00,Coventry,Apr-Sep 2016,N/A,N/A,N/A,N/A,N/A,N/A,N/A,N/A,N/A,N/A,N/A,N/A,N/A,Similar/unchanged,>9000 and<10000,On-target
Locally committed - improving the quality of life for Coventry people,Protecting our most vulnerable people,NA,FALSE,FALSE,FALSE,,Looked after children number,number,580.00,Coventry,Mar-16,616.00,Coventry,March 2017 provisional,578.00,Coventry,Sep 2016,N/A,N/A,N/A,N/A,N/A,N/A,N/A,N/A,N/A,N/A,N/A,N/A,Low is good,Similar/unchanged,580-630,On-target
Locally committed - improving the quality of life for Coventry people,Protecting our most vulnerable people,NA,FALSE,FALSE,FALSE,,Adult safeguarding number,number,966.00,Coventry,2015/16,881.00,Coventry,2016/17 provisional,499.00,Coventry,Apr-Sep 2016,N/A,N/A,N/A,N/A,N/A,N/A,N/A,N/A,N/A,N/A,N/A,N/A,N/A,,,
Locally committed - improving the quality of life for Coventry people,Reducing health inequalities,NA,FALSE,TRUE,FALSE,,Residents who are fairly/very satisfied with their local area,%,89.00,Coventry,2013,88.00,Coventry,2016,88.00,Coventry,2016,N/A,N/A,N/A,N/A,N/A,N/A,82.00,LGA Benchmark,2015,82.00,LGA Benchmark,2015,High is good,,,
